Employee_Name,EmpID,MarriedID,MaritalStatusID,GenderID,EmpStatusID,DeptID,PerfScoreID,FromDiversityJobFairID,Salary,Termd,PositionID,Position,State,Zip,DOB,Sex,MaritalDesc,CitizenDesc,HispanicLatino,RaceDesc,DateofHire,DateofTermination,TermReason,EmploymentStatus,Department,ManagerName,ManagerID,RecruitmentSource,PerformanceScore,EngagementSurvey,EmpSatisfaction,SpecialProjectsCount,LastPerformanceReview_Date,DaysLateLast30,Absences,PerformanceScore_Numeric,Talent_Score,Burnout_Risk,Promotion_Readiness
"Adinolfi, Wilson  K",10026,0,0,1,1,5,4,0,62506,0,19,Production Technician I,MA,1960,07/10/83,M ,Single,US Citizen,No,White,7/5/2011,,N/A-StillEmployed,Active,Production       ,Michael Albert,22.0,LinkedIn,Exceeds,4.6,5,0,1/17/2019,0,1,5,3.8,-1.0799999999999998,3.38
"Ait Sidi, Karthikeyan   ",10084,1,1,1,5,3,3,0,104437,1,27,Sr. DBA,MA,2148,05/05/75,M ,Married,US Citizen,No,White,3/30/2015,6/16/2016,career change,Voluntarily Terminated,IT/IS,Simon Roup,4.0,Indeed,Fully Meets,4.96,3,6,2/24/2016,0,17,4,2.1399999999999997,3.6119999999999997,4.888
"Akinkuolie, Sarah",10196,1,1,0,5,5,3,0,64955,1,20,Production Technician II,MA,1810,09/19/88,F,Married,US Citizen,No,White,7/5/2011,9/24/2012,hours,Voluntarily Terminated,Production       ,Kissy Sullivan,20.0,LinkedIn,Fully Meets,3.02,3,0,5/15/2012,0,3,4,2.455,-0.006000000000000005,2.5060000000000002
"Alagbe,Trina",10088,1,1,0,1,5,3,0,64991,0,19,Production Technician I,MA,1886,09/27/88,F,Married,US Citizen,No,White,1/7/2008,,N/A-StillEmployed,Active,Production       ,Elijiah Gray,16.0,Indeed,Fully Meets,4.84,5,0,1/3/2019,0,15,4,2.11,3.048,3.052
"Anderson, Carol ",10069,0,2,0,5,5,3,0,50825,1,19,Production Technician I,MA,2169,09/08/89,F,Divorced,US Citizen,No,White,7/11/2011,9/6/2016,return to school,Voluntarily Terminated,Production       ,Webster Butler,39.0,Google Search,Fully Meets,5.0,4,0,2/1/2016,0,2,4,3.25,-0.9,3.1
"Anderson, Linda  ",10002,0,0,0,1,5,4,0,57568,0,19,Production Technician I,MA,1844,05/22/77,F,Single,US Citizen,No,White,1/9/2012,,N/A-StillEmployed,Active,Production       ,Amy Dunn,11.0,LinkedIn,Exceeds,5.0,5,0,1/7/2019,0,15,5,2.5,3.0,3.5
"Andreola, Colby",10194,0,0,0,1,4,3,0,95660,0,24,Software Engineer,MA,2110,05/24/79,F,Single,US Citizen,No,White,11/10/2014,,N/A-StillEmployed,Active,Software Engineering,Alex Sweetwater,10.0,LinkedIn,Fully Meets,3.04,3,4,1/2/2019,0,19,4,1.26,4.788,3.7119999999999997
"Athwal, Sam",10062,0,4,1,1,5,3,0,59365,0,19,Production Technician I,MA,2199,02/18/83,M ,Widowed,US Citizen,No,White,9/30/2013,,N/A-StillEmployed,Active,Production       ,Ketsia Liebig,19.0,Employee Referral,Fully Meets,5.0,4,0,2/25/2019,0,19,4,1.55,4.2,3.1
"Bachiochi, Linda",10114,0,0,0,3,5,3,1,47837,0,19,Production Technician I,MA,1902,02/11/70,F,Single,US Citizen,No,Black or African American,7/6/2009,,N/A-StillEmployed,Active,Production       ,Brannon Miller,12.0,Diversity Job Fair,Fully Meets,4.46,3,0,1/25/2019,0,4,4,2.715,-0.1379999999999999,2.9379999999999997
"Bacong, Alejandro ",10250,0,2,1,1,3,3,0,50178,0,14,IT Support,MA,1886,01/07/88,M ,Divorced,US Citizen,No,White,1/5/2015,,N/A-StillEmployed,Active,IT/IS,Peter Monroe,7.0,Indeed,Fully Meets,5.0,5,6,2/18/2019,0,16,4,2.65,3.3,4.9
"Baczenski, Rachael  ",10252,1,1,0,5,5,3,1,54670,1,19,Production Technician I,MA,1902,01/12/74,F,Married,US Citizen,Yes,Black or African American,1/10/2011,1/12/2017,Another position,Voluntarily Terminated,Production       ,David Stanley,14.0,Diversity Job Fair,Fully Meets,4.2,4,0,1/30/2016,0,12,4,2.05,2.34,2.8600000000000003
"Barbara, Thomas",10242,1,1,1,5,5,3,1,47211,1,19,Production Technician I,MA,2062,02/21/74,M ,Married,US Citizen,Yes,Black or African American,4/2/2012,9/19/2016,unhappy,Voluntarily Terminated,Production       ,Kissy Sullivan,20.0,Diversity Job Fair,Fully Meets,4.2,3,0,5/6/2016,0,15,4,1.5500000000000003,3.24,2.8600000000000003
"Barbossa, Hector",10012,0,2,1,1,3,4,1,92328,0,9,Data Analyst,TX,78230,07/04/88,M ,Divorced,US Citizen,No,Black or African American,11/10/2014,,N/A-StillEmployed,Active,IT/IS,Simon Roup,4.0,Diversity Job Fair,Exceeds,4.28,4,5,2/25/2019,0,9,5,3.22,1.4159999999999997,4.784
"Barone, Francesco  A",10265,0,0,1,1,5,3,0,58709,0,19,Production Technician I,MA,1810,07/20/83,M ,Single,US Citizen,No,Two or more races,2/20/2012,,N/A-StillEmployed,Active,Production       ,Kelley Spirea,18.0,Google Search,Fully Meets,4.6,4,0,2/14/2019,0,7,4,2.6499999999999995,0.7200000000000002,2.98
"Barton, Nader",10066,0,2,1,5,5,3,0,52505,1,19,Production Technician I,MA,2747,07/15/77,M ,Divorced,US Citizen,No,White,9/24/2012,4/6/2017,Another position,Voluntarily Terminated,Production       ,Michael Albert,22.0,On-line Web application,Fully Meets,5.0,5,0,3/2/2017,0,1,4,3.55,-1.2,3.1
"Bates, Norman",10061,0,0,1,4,5,3,0,57834,1,19,Production Technician I,MA,2050,10/18/81,M ,Single,US Citizen,No,White,2/21/2011,8/4/2017,attendance,Terminated for Cause,Production       ,Kelley Spirea,18.0,Google Search,Fully Meets,5.0,4,0,4/5/2017,0,20,4,1.4500000000000002,4.5,3.1
"Beak, Kimberly  ",10023,1,1,0,2,5,4,0,70131,0,20,Production Technician II,MA,2145,04/17/66,F,Married,US Citizen,No,White,7/21/2016,,N/A-StillEmployed,Active,Production       ,Kelley Spirea,18.0,Employee Referral,Exceeds,4.4,3,0,1/14/2019,0,16,5,1.85,3.4799999999999995,3.3200000000000003
"Beatrice, Courtney ",10055,0,0,0,1,5,3,0,59026,0,19,Production Technician I,MA,1915,10/27/70,F,Single,Eligible NonCitizen,No,White,4/4/2011,,N/A-StillEmployed,Active,Production       ,Elijiah Gray,16.0,Google Search,Fully Meets,5.0,5,0,1/14/2019,0,12,4,2.4499999999999997,2.0999999999999996,3.1
"Becker, Renee",10245,0,0,0,4,3,3,0,110000,1,8,Database Administrator,MA,2026,04/04/86,F,Single,US Citizen,Yes,White,7/7/2014,9/12/2015,performance,Terminated for Cause,IT/IS,Simon Roup,4.0,Google Search,Fully Meets,4.5,4,5,1/15/2015,0,8,4,3.0250000000000004,1.05,4.45
"Becker, Scott",10277,0,0,1,3,5,3,0,53250,0,19,Production Technician I,MA,2452,04/06/79,M ,Single,US Citizen,No,Asian,7/8/2013,,N/A-StillEmployed,Active,Production       ,Webster Butler,,LinkedIn,Fully Meets,4.2,4,0,1/11/2019,0,13,4,1.95,2.6399999999999997,2.8600000000000003
"Bernstein, Sean",10046,0,0,1,1,5,3,0,51044,0,19,Production Technician I,MA,2072,12/22/70,M ,Single,US Citizen,Yes,White,4/2/2012,,N/A-StillEmployed,Active,Production       ,Amy Dunn,11.0,Google Search,Fully Meets,5.0,3,0,1/14/2019,0,13,4,1.95,2.4,3.1
"Biden, Lowan  M",10226,0,2,0,1,5,3,0,64919,0,19,Production Technician I,MA,2027,12/27/58,F,Divorced,US Citizen,No,Asian,8/19/2013,,N/A-StillEmployed,Active,Production       ,Ketsia Liebig,19.0,Indeed,Fully Meets,4.2,3,0,1/10/2019,0,2,4,2.85,-0.66,2.8600000000000003
"Billis, Helen",10003,1,1,0,1,5,4,0,62910,0,19,Production Technician I,MA,2031,09/01/89,F,Married,US Citizen,No,White,7/7/2014,,N/A-StillEmployed,Active,Production       ,Brannon Miller,12.0,Indeed,Exceeds,5.0,3,0,2/27/2019,0,19,5,1.7,4.2,3.5
"Blount, Dianna",10294,0,0,0,1,5,2,0,66441,0,20,Production Technician II,MA,2171,09/21/90,F,Single,US Citizen,No,White,4/4/2011,,N/A-StillEmployed,Active,Production       ,Michael Albert,22.0,CareerBuilder,Needs Improvement,2.0,3,0,2/27/2019,2,3,2,1.5,1.1,1.4
"Bondwell, Betsy",10267,0,0,0,5,5,3,0,57815,1,20,Production Technician II,MA,2210,01/16/67,F,Single,US Citizen,No,White,1/10/2011,4/4/2014,career change,Voluntarily Terminated,Production       ,Elijiah Gray,16.0,Google Search,Fully Meets,4.8,5,0,3/4/2014,0,5,4,3.0999999999999996,0.06000000000000005,3.04
"Booth, Frank",10199,0,0,1,4,3,3,0,103613,1,30,Enterprise Architect,CT,6033,07/30/64,M ,Single,US Citizen,No,Black or African American,2/17/2014,2/19/2016,Learned that he is a gangster,Terminated for Cause,IT/IS,Simon Roup,4.0,LinkedIn,Fully Meets,3.5,5,7,1/10/2016,0,2,4,3.775,-0.45000000000000007,4.75
"Boutwell, Bonalyn",10081,1,1,0,1,1,3,1,106367,0,26,Sr. Accountant,MA,2468,04/04/87,F,Married,US Citizen,No,Black or African American,2/16/2015,,N/A-StillEmployed,Active,Admin Offices,Brandon R. LeBlanc,3.0,Diversity Job Fair,Fully Meets,5.0,4,3,2/18/2019,0,4,4,3.35,-0.30000000000000004,4.0
"Bozzi, Charles",10175,0,0,1,5,5,3,0,74312,1,18,Production Manager,MA,1901,03/10/70,M ,Single,US Citizen,No,Asian,9/30/2013,8/7/2014,retiring,Voluntarily Terminated,Production       ,Janet King,2.0,Indeed,Fully Meets,3.39,3,0,2/20/2014,0,14,4,1.4475,3.1830000000000003,2.617
"Brill, Donna",10177,1,1,0,5,5,3,0,53492,1,19,Production Technician I,MA,1701,08/24/90,F,Married,US Citizen,No,White,4/2/2012,6/15/2013,Another position,Voluntarily Terminated,Production       ,David Stanley,14.0,Google Search,Fully Meets,3.35,4,0,3/4/2013,0,6,4,2.4374999999999996,0.7949999999999999,2.605
"Brown, Mia",10238,1,1,0,1,1,3,1,63000,0,1,Accountant I,MA,1450,11/24/87,F,Married,US Citizen,No,Black or African American,10/27/2008,,N/A-StillEmployed,Active,Admin Offices,Brandon R. LeBlanc,1.0,Diversity Job Fair,Fully Meets,4.5,2,6,1/15/2019,0,14,4,2.125,2.8500000000000005,4.75
"Buccheri, Joseph  ",10184,0,0,1,1,5,3,0,65288,0,20,Production Technician II,MA,1013,07/28/83,M ,Single,US Citizen,No,White,9/29/2014,,N/A-StillEmployed,Active,Production       ,Webster Butler,,Google Search,Fully Meets,3.19,3,0,2/1/2019,0,9,4,1.8975,1.7429999999999999,2.557
"Bugali, Josephine ",10203,0,3,0,3,5,3,1,64375,0,19,Production Technician I,MA,2043,10/30/69,F,Separated,US Citizen,No,Black or African American,11/11/2013,,N/A-StillEmployed,Active,Production       ,Kissy Sullivan,20.0,Diversity Job Fair,Fully Meets,3.5,5,0,1/21/2019,0,17,4,1.5749999999999997,4.05,2.6500000000000004
"Bunbury, Jessica",10188,1,1,0,5,6,3,0,74326,1,3,Area Sales Manager,VA,21851,06/01/64,F,Married,Eligible NonCitizen,No,Black or African American,8/15/2011,8/2/2014,Another position,Voluntarily Terminated,Sales,John Smith,17.0,Google Search,Fully Meets,3.14,5,0,2/10/2013,1,19,4,1.285,5.158,2.542
"Burke, Joelle",10107,0,0,0,1,5,3,0,63763,0,20,Production Technician II,MA,2148,03/02/80,F,Single,US Citizen,No,Black or African American,3/5/2012,,N/A-StillEmployed,Active,Production       ,Amy Dunn,11.0,Employee Referral,Fully Meets,4.51,4,0,2/21/2019,0,3,4,3.0275,-0.45300000000000007,2.9530000000000003
"Burkett, Benjamin ",10181,1,1,1,1,5,3,0,62162,0,20,Production Technician II,MA,1890,08/19/77,M ,Married,US Citizen,No,White,4/4/2011,,N/A-StillEmployed,Active,Production       ,Ketsia Liebig,19.0,Indeed,Fully Meets,3.25,5,0,1/14/2019,0,15,4,1.7125,3.525,2.575
"Cady, Max ",10150,0,0,1,1,4,3,0,77692,0,25,Software Engineering Manager,MA,2184,11/22/66,M ,Single,US Citizen,No,White,8/15/2011,,N/A-StillEmployed,Active,Software Engineering,Jennifer Zamora,5.0,Google Search,Fully Meets,3.84,3,5,1/21/2019,0,4,4,3.06,0.04800000000000004,4.252
"Candie, Calvin",10001,0,0,1,1,5,4,0,72640,0,18,Production Manager,MA,2169,08/09/83,M ,Single,US Citizen,No,White,1/28/2016,,N/A-StillEmployed,Active,Production       ,Janet King,2.0,Indeed,Exceeds,5.0,3,0,2/22/2019,0,14,5,2.2,2.7,3.5
"Carabbio, Judith",10085,0,0,0,1,4,3,0,93396,0,24,Software Engineer,MA,2132,04/05/87,F,Single,US Citizen,No,White,11/11/2013,,N/A-StillEmployed,Active,Software Engineering,Alex Sweetwater,10.0,Indeed,Fully Meets,4.96,4,6,1/30/2019,0,3,4,3.7399999999999993,-0.5880000000000001,4.888
"Carey, Michael  ",10115,0,0,1,1,5,3,0,52846,0,19,Production Technician I,MA,1701,02/02/83,M ,Single,US Citizen,No,Black or African American,3/31/2014,,N/A-StillEmployed,Active,Production       ,Kelley Spirea,18.0,LinkedIn,Fully Meets,4.43,3,0,2/1/2019,0,14,4,1.7074999999999998,2.8710000000000004,2.9290000000000003
"Carr, Claudia  N",10082,0,0,0,2,3,3,0,100031,0,27,Sr. DBA,MA,1886,06/06/86,F,Single,US Citizen,No,Black or African American,6/30/2016,,N/A-StillEmployed,Active,IT/IS,Simon Roup,4.0,LinkedIn,Fully Meets,5.0,5,6,2/18/2019,0,7,4,3.55,0.6000000000000001,4.9
"Carter, Michelle ",10040,0,0,0,1,6,3,0,71860,0,3,Area Sales Manager,VT,5664,05/15/63,F,Single,US Citizen,No,White,8/18/2014,,N/A-StillEmployed,Active,Sales,John Smith,17.0,Indeed,Fully Meets,5.0,5,0,1/21/2019,0,7,4,2.9499999999999997,0.6000000000000001,3.1
"Chace, Beatrice ",10067,0,0,0,1,5,3,0,61656,0,19,Production Technician I,MA,2763,01/02/51,F,Single,US Citizen,No,White,9/29/2014,,N/A-StillEmployed,Active,Production       ,Michael Albert,22.0,Google Search,Fully Meets,5.0,4,0,2/12/2019,0,11,4,2.35,1.7999999999999998,3.1
"Champaigne, Brian",10108,1,1,1,1,3,3,0,110929,0,5,BI Director,MA,2045,02/09/72,M ,Married,US Citizen,No,White,9/6/2016,,N/A-StillEmployed,Active,IT/IS,Jennifer Zamora,5.0,Indeed,Fully Meets,4.5,5,7,1/15/2019,0,8,4,3.425,1.05,5.05
"Chan, Lin",10210,0,0,0,1,5,3,0,54237,0,19,Production Technician I,MA,2170,02/12/79,F,Single,US Citizen,No,White,5/12/2014,,N/A-StillEmployed,Active,Production       ,Elijiah Gray,16.0,Indeed,Fully Meets,3.3,4,0,2/19/2019,0,11,4,1.9249999999999994,2.31,2.59
"Chang, Donovan  E",10154,0,0,1,1,5,3,0,60380,0,19,Production Technician I,MA,1845,08/24/83,M ,Single,US Citizen,No,White,7/8/2013,,N/A-StillEmployed,Active,Production       ,Webster Butler,,LinkedIn,Fully Meets,3.8,5,0,1/14/2019,0,4,4,2.9499999999999997,0.06000000000000005,2.74
"Chigurh, Anton",10200,0,0,1,1,6,3,0,66808,0,3,Area Sales Manager,TX,78207,06/11/70,M ,Single,Eligible NonCitizen,No,Black or African American,5/14/2012,,N/A-StillEmployed,Active,Sales,Lynn Daneault,21.0,Employee Referral,Fully Meets,3.0,5,0,1/19/2019,0,17,4,1.4499999999999997,4.199999999999999,2.5
"Chivukula, Enola",10240,0,0,0,5,5,3,0,64786,1,19,Production Technician I,MA,1775,08/27/83,F,Single,US Citizen,No,White,6/27/2011,11/15/2015,relocation out of area,Voluntarily Terminated,Production       ,Amy Dunn,11.0,Indeed,Fully Meets,4.3,4,0,3/10/2015,0,3,4,2.9749999999999996,-0.3899999999999999,2.8899999999999997
"Cierpiszewski, Caroline  ",10168,0,0,0,1,5,3,0,64816,0,19,Production Technician I,MA,2044,05/31/88,F,Single,Non-Citizen,No,Black or African American,10/3/2011,,N/A-StillEmployed,Active,Production       ,Ketsia Liebig,19.0,Indeed,Fully Meets,3.58,5,0,1/30/2019,0,3,4,2.995,-0.17400000000000015,2.6740000000000004
"Clayton, Rick",10220,0,0,1,1,3,3,0,68678,0,14,IT Support,MA,2170,09/05/85,M ,Single,US Citizen,No,White,9/5/2012,,N/A-StillEmployed,Active,IT/IS,Eric Dougall,6.0,Indeed,Fully Meets,4.7,3,6,2/27/2019,0,2,4,3.575,-0.8099999999999999,4.81
"Cloninger, Jennifer",10275,1,1,0,5,5,3,0,64066,1,20,Production Technician II,MA,1752,08/31/81,F,Married,US Citizen,No,White,5/16/2011,1/7/2013,unhappy,Voluntarily Terminated,Production       ,Brannon Miller,12.0,Google Search,Fully Meets,4.2,5,0,5/3/2012,0,9,4,2.5500000000000003,1.4399999999999997,2.8600000000000003
"Close, Phil",10269,1,1,1,5,5,3,0,59369,1,20,Production Technician II,MA,2169,11/25/78,M ,Married,US Citizen,No,White,8/30/2010,9/26/2011,career change,Voluntarily Terminated,Production       ,David Stanley,14.0,Indeed,Fully Meets,4.2,4,0,5/4/2011,0,6,4,2.65,0.5399999999999998,2.8600000000000003
"Clukey, Elijian",10029,1,1,1,2,5,4,0,50373,0,19,Production Technician I,MA,2134,08/26/80,M ,Married,US Citizen,No,White,7/6/2016,,N/A-StillEmployed,Active,Production       ,Brannon Miller,12.0,Employee Referral,Exceeds,4.1,4,0,2/28/2019,0,5,5,3.075,0.27000000000000024,3.2299999999999995
"Cockel, James",10261,0,0,1,1,5,3,0,63108,0,19,Production Technician I,MA,2452,09/08/77,M ,Single,US Citizen,No,White,7/8/2013,,N/A-StillEmployed,Active,Production       ,David Stanley,14.0,Employee Referral,Fully Meets,4.4,5,0,1/14/2019,0,3,4,3.2,-0.42000000000000015,2.92
"Cole, Spencer",10292,0,0,1,4,5,2,0,59144,1,19,Production Technician I,MA,1880,08/12/79,M ,Single,US Citizen,No,Black or African American,7/11/2011,9/23/2016,performance,Terminated for Cause,Production       ,Kissy Sullivan,20.0,LinkedIn,Needs Improvement,2.0,3,0,5/1/2016,5,16,2,0.19999999999999996,6.2,1.4
"Corleone, Michael",10282,0,2,1,1,5,2,0,68051,0,18,Production Manager,MA,1803,12/17/75,M ,Divorced,US Citizen,No,White,7/20/2010,,N/A-StillEmployed,Active,Production       ,Janet King,2.0,CareerBuilder,Needs Improvement,4.13,2,0,1/14/2019,3,3,2,1.8324999999999998,0.8610000000000002,2.0389999999999997
"Corleone, Vito",10019,0,0,1,1,5,4,0,170500,0,10,Director of Operations,MA,2030,03/19/83,M ,Single,US Citizen,No,Black or African American,1/5/2009,,N/A-StillEmployed,Active,Production       ,Janet King,2.0,Indeed,Exceeds,3.7,5,0,2/4/2019,0,15,5,2.175,3.3899999999999997,3.1100000000000003
"Cornett, Lisa ",10094,1,1,0,1,5,3,0,63381,0,19,Production Technician I,MA,2189,03/31/77,F,Married,US Citizen,Yes,White,1/5/2015,,N/A-StillEmployed,Active,Production       ,Kelley Spirea,18.0,Indeed,Fully Meets,4.73,5,0,2/14/2019,0,6,4,2.9825,0.3809999999999998,3.019
"Costello, Frank",10193,1,1,1,1,3,3,0,83552,0,9,Data Analyst,MA,1810,08/26/86,M ,Married,US Citizen,No,White,3/30/2015,,N/A-StillEmployed,Active,IT/IS,Simon Roup,4.0,Indeed,Fully Meets,3.04,3,6,1/22/2019,0,2,4,3.16,-0.31199999999999994,4.311999999999999
"Crimmings,   Jean",10132,0,0,0,2,5,3,0,56149,0,19,Production Technician I,MA,1821,04/10/87,F,Single,US Citizen,No,White,7/6/2016,,N/A-StillEmployed,Active,Production       ,Michael Albert,22.0,LinkedIn,Fully Meets,4.12,5,0,1/28/2019,0,15,4,1.9299999999999997,3.2640000000000002,2.8360000000000003
"Cross, Noah",10083,0,0,1,1,3,3,0,92329,0,28,Sr. Network Engineer,CT,6278,09/09/65,M ,Single,US Citizen,No,White,11/10/2014,,N/A-StillEmployed,Active,IT/IS,Peter Monroe,7.0,Employee Referral,Fully Meets,5.0,3,4,1/2/2019,0,5,4,3.15,0.0,4.3
"Daneault, Lynn",10099,0,0,0,1,6,3,0,65729,0,21,Sales Manager,VT,5473,04/19/90,F,Single,US Citizen,No,White,5/5/2014,,N/A-StillEmployed,Active,Sales,Debra Houlihan,15.0,Indeed,Fully Meets,4.62,4,0,1/24/2019,0,8,4,2.5549999999999997,1.014,2.9859999999999998
"Daniele, Ann  ",10212,1,1,0,3,3,3,0,85028,0,28,Sr. Network Engineer,CT,6033,01/18/52,F,Married,US Citizen,No,White,11/10/2014,,N/A-StillEmployed,Active,IT/IS,Peter Monroe,7.0,LinkedIn,Fully Meets,3.1,5,8,2/12/2019,0,19,4,2.0749999999999993,4.7700000000000005,4.93
"Darson, Jene'ya ",10056,1,1,0,1,5,3,0,57583,0,19,Production Technician I,MA,2110,11/05/78,F,Married,US Citizen,No,White,7/2/2012,,N/A-StillEmployed,Active,Production       ,Elijiah Gray,16.0,Indeed,Fully Meets,5.0,3,0,2/25/2019,0,1,4,3.15,-1.2,3.1
"Davis, Daniel",10143,0,0,1,1,5,3,0,56294,0,20,Production Technician II,MA,2458,09/14/79,M ,Single,Eligible NonCitizen,No,Two or more races,11/7/2011,,N/A-StillEmployed,Active,Production       ,Kissy Sullivan,20.0,LinkedIn,Fully Meets,3.96,4,0,2/27/2019,0,6,4,2.5899999999999994,0.6119999999999999,2.7880000000000003
"Dee, Randy",10311,1,1,1,1,6,1,0,56991,0,19,Production Technician I,MA,2138,04/15/88,M ,Married,US Citizen,No,White,7/9/2018,,N/A-StillEmployed,Active,Production       ,Brannon Miller,12.0,Indeed,Fully Meets,4.3,4,3,1/31/2019,2,2,4,3.374999999999999,0.1100000000000001,3.79
"DeGweck,  James",10070,1,1,1,5,5,3,0,55722,1,19,Production Technician I,MA,1810,10/31/77,M ,Married,US Citizen,No,White,5/16/2011,6/8/2016,unhappy,Voluntarily Terminated,Production       ,Webster Butler,39.0,Indeed,Fully Meets,5.0,4,0,4/2/2016,0,14,4,2.05,2.7,3.1
"Del Bosque, Keyla",10155,0,0,0,1,4,3,0,101199,0,24,Software Engineer,MA,2176,07/05/79,F,Single,US Citizen,No,Black or African American,1/9/2012,,N/A-StillEmployed,Active,Software Engineering,Alex Sweetwater,10.0,CareerBuilder,Fully Meets,3.79,5,5,1/25/2019,0,8,4,3.0475000000000003,1.263,4.237
"Delarge, Alex",10306,0,0,1,1,6,1,0,61568,0,3,Area Sales Manager,AL,36006,11/02/75,M ,Single,US Citizen,No,Two or more races,9/29/2014,,N/A-StillEmployed,Active,Sales,John Smith,17.0,Indeed,PIP,1.93,3,0,1/30/2019,6,5,1,0.9325000000000001,3.3210000000000006,0.979
"Demita, Carla",10100,0,3,0,5,5,3,0,58275,1,20,Production Technician II,MA,2343,02/25/51,F,Separated,US Citizen,No,Black or African American,4/4/2011,11/4/2015,more money,Voluntarily Terminated,Production       ,Kelley Spirea,18.0,Google Search,Fully Meets,4.62,5,0,5/6/2015,0,1,4,3.4549999999999996,-1.0859999999999999,2.9859999999999998
"Desimone, Carl ",10310,1,1,1,1,5,1,0,53189,0,19,Production Technician I,MA,2061,04/19/67,M ,Married,US Citizen,No,White,7/7/2014,,N/A-StillEmployed,Active,Production       ,Amy Dunn,11.0,Indeed,PIP,1.12,2,0,1/31/2019,4,9,1,0.13,3.964,0.736
"DeVito, Tommy",10197,0,0,1,1,3,3,0,96820,0,4,BI Developer,MA,2045,09/04/83,M ,Single,US Citizen,No,White,2/15/2017,,N/A-StillEmployed,Active,IT/IS,Brian Champaigne,13.0,Indeed,Fully Meets,3.01,5,7,1/23/2019,0,15,4,2.3525,3.597,4.603
"Dickinson, Geoff ",10276,0,0,1,1,5,3,0,51259,0,19,Production Technician I,MA,2180,11/15/82,M ,Single,US Citizen,No,White,5/12/2014,,N/A-StillEmployed,Active,Production       ,Ketsia Liebig,19.0,Indeed,Fully Meets,4.3,4,0,2/19/2019,0,1,4,3.1749999999999994,-0.9899999999999998,2.8899999999999997
"Dietrich, Jenna  ",10304,0,0,0,1,6,1,0,59231,0,3,Area Sales Manager,WA,98052,05/14/87,F,Single,US Citizen,Yes,White,2/20/2012,,N/A-StillEmployed,Active,Sales,John Smith,17.0,Website,PIP,2.3,1,0,1/29/2019,2,17,1,-0.5750000000000002,5.209999999999999,1.0899999999999999
"DiNocco, Lily ",10284,1,1,0,1,5,2,0,61584,0,19,Production Technician I,MA,2351,12/02/78,F,Married,US Citizen,No,Black or African American,1/7/2013,,N/A-StillEmployed,Active,Production       ,Brannon Miller,12.0,Indeed,Needs Improvement,3.88,4,0,1/18/2019,0,6,2,1.8699999999999997,0.6359999999999999,1.964
"Dobrin, Denisa  S",10207,0,0,0,1,5,3,0,46335,0,19,Production Technician I,MA,2125,10/07/86,F,Single,US Citizen,Yes,White,4/2/2012,,N/A-StillEmployed,Active,Production       ,David Stanley,14.0,CareerBuilder,Fully Meets,3.4,5,0,2/19/2019,0,15,4,1.75,3.48,2.62
"Dolan, Linda",10133,1,1,0,1,3,3,0,70621,0,14,IT Support,MA,2119,07/18/88,F,Married,US Citizen,No,White,1/5/2015,,N/A-StillEmployed,Active,IT/IS,Peter Monroe,7.0,Employee Referral,Fully Meets,4.11,4,6,2/25/2019,0,16,4,2.2275,3.5669999999999997,4.633
"Dougall, Eric",10028,0,0,1,1,3,4,0,138888,0,13,IT Manager - Support,MA,1886,07/09/70,M ,Single,US Citizen,No,Black or African American,1/5/2014,,N/A-StillEmployed,Active,IT/IS,Jennifer Zamora,5.0,Indeed,Exceeds,4.3,5,5,1/4/2019,0,4,5,3.9250000000000003,-0.08999999999999986,4.79
"Driver, Elle",10006,0,0,0,1,6,4,0,74241,0,3,Area Sales Manager,CA,90007,11/08/88,F,Single,US Citizen,No,White,1/10/2011,,N/A-StillEmployed,Active,Sales,Lynn Daneault,21.0,Indeed,Exceeds,4.77,5,0,1/27/2019,0,14,5,2.5424999999999995,2.769,3.431
"Dunn, Amy  ",10105,0,0,0,1,5,3,0,75188,0,18,Production Manager,MA,1731,11/28/73,F,Single,US Citizen,No,White,9/18/2014,,N/A-StillEmployed,Active,Production       ,Janet King,2.0,Google Search,Fully Meets,4.52,4,0,1/15/2019,0,4,4,2.93,-0.15599999999999992,2.956
"Dunne, Amy",10211,1,1,0,1,5,3,0,62514,0,19,Production Technician I,MA,1749,09/23/73,F,Married,US Citizen,No,White,4/26/2010,,N/A-StillEmployed,Active,Production       ,Ketsia Liebig,19.0,Google Search,Fully Meets,2.9,3,0,1/21/2019,0,6,4,2.125,0.9299999999999998,2.47
"Eaton, Marianne",10064,1,1,0,5,5,3,0,60070,1,19,Production Technician I,MA,2343,09/05/91,F,Married,US Citizen,No,White,4/4/2011,6/6/2017,military,Voluntarily Terminated,Production       ,Kissy Sullivan,20.0,Google Search,Fully Meets,5.0,3,0,4/9/2017,0,7,4,2.55,0.6000000000000001,3.1
"Engdahl, Jean",10247,0,0,1,1,5,3,0,48888,0,19,Production Technician I,MA,2026,05/31/74,M ,Single,US Citizen,No,White,11/10/2014,,N/A-StillEmployed,Active,Production       ,Kelley Spirea,18.0,LinkedIn,Fully Meets,4.7,5,0,2/13/2019,0,8,4,2.7750000000000004,0.99,3.01
"England, Rex",10235,1,1,1,1,5,3,0,54285,0,19,Production Technician I,MA,2045,08/25/78,M ,Married,US Citizen,No,White,3/31/2014,,N/A-StillEmployed,Active,Production       ,Kelley Spirea,18.0,Employee Referral,Fully Meets,4.2,3,0,1/11/2019,0,3,4,2.75,-0.3600000000000001,2.8600000000000003
"Erilus, Angela",10299,0,3,0,1,5,1,0,56847,0,20,Production Technician II,MA,2133,08/25/89,F,Separated,US Citizen,No,White,7/7/2014,,N/A-StillEmployed,Active,Production       ,Michael Albert,22.0,Indeed,PIP,3.0,1,0,2/25/2019,2,5,1,0.8,1.4,1.2999999999999998
"Estremera, Miguel",10280,0,0,1,4,5,2,0,60340,1,19,Production Technician I,MA,2129,09/02/83,M ,Single,US Citizen,No,White,4/2/2012,9/27/2018,attendance,Terminated for Cause,Production       ,Michael Albert,22.0,Google Search,Needs Improvement,5.0,4,0,4/12/2018,5,16,2,1.15,5.3,2.3
"Evensen, April",10296,0,0,0,4,5,2,0,59124,1,19,Production Technician I,MA,2458,05/06/89,F,Single,US Citizen,No,White,2/17/2014,2/25/2018,"no-call, no-show",Terminated for Cause,Production       ,Elijiah Gray,16.0,Google Search,Needs Improvement,2.3,3,0,1/15/2017,5,19,2,-0.025000000000000133,7.01,1.49
"Exantus, Susan",10290,1,1,0,4,4,2,0,99280,1,24,Software Engineer,MA,1749,05/15/87,F,Married,US Citizen,No,Black or African American,5/2/2011,6/5/2013,attendance,Terminated for Cause,Software Engineering,Alex Sweetwater,10.0,Indeed,Needs Improvement,2.1,5,4,8/10/2012,4,19,2,0.7249999999999999,6.670000000000001,2.63
"Faller, Megan ",10263,1,1,0,1,5,3,0,71776,0,20,Production Technician II,MA,1824,09/22/78,F,Married,US Citizen,No,Black or African American,7/7/2014,,N/A-StillEmployed,Active,Production       ,Elijiah Gray,16.0,LinkedIn,Fully Meets,4.4,5,0,2/22/2019,0,17,4,1.7999999999999998,3.7799999999999994,2.92
"Fancett, Nicole",10136,0,0,0,1,5,3,0,65902,0,20,Production Technician II,MA,2324,09/27/87,F,Single,US Citizen,No,Black or African American,2/17/2014,,N/A-StillEmployed,Active,Production       ,Webster Butler,,LinkedIn,Fully Meets,4.0,4,0,1/7/2019,0,7,4,2.5,0.9000000000000001,2.8
"Ferguson, Susan",10189,1,1,0,5,5,3,0,57748,1,19,Production Technician I,MA,2176,04/14/55,F,Married,US Citizen,No,White,11/7/2011,5/17/2016,military,Voluntarily Terminated,Production       ,Webster Butler,39.0,Google Search,Fully Meets,3.13,3,0,2/4/2016,0,16,4,1.1825,3.8609999999999998,2.539
"Fernandes, Nilson  ",10308,1,1,1,1,5,1,0,64057,0,19,Production Technician I,MA,2132,10/18/89,M ,Married,US Citizen,No,White,5/11/2015,,N/A-StillEmployed,Active,Production       ,Amy Dunn,11.0,Indeed,PIP,1.56,5,0,1/3/2019,6,15,1,0.24,6.432,0.868
"Fett, Boba",10309,0,0,1,1,3,1,0,53366,0,15,Network Engineer,MA,2138,06/18/87,M ,Single,US Citizen,No,White,3/30/2015,,N/A-StillEmployed,Active,IT/IS,Peter Monroe,7.0,LinkedIn,PIP,1.2,3,6,2/4/2019,3,2,1,1.6500000000000001,1.4400000000000004,2.5599999999999996
"Fidelia,  Libby",10049,1,1,0,1,5,3,0,58530,0,19,Production Technician I,MA,2155,03/16/81,F,Married,US Citizen,No,White,1/9/2012,,N/A-StillEmployed,Active,Production       ,Brannon Miller,12.0,Google Search,Fully Meets,5.0,5,0,1/29/2019,0,19,4,1.7499999999999998,4.2,3.1
"Fitzpatrick, Michael  J",10093,0,0,1,5,5,3,0,72609,1,20,Production Technician II,MA,2143,10/01/81,M ,Single,US Citizen,Yes,White,5/16/2011,6/24/2013,hours,Voluntarily Terminated,Production       ,Amy Dunn,11.0,Google Search,Fully Meets,4.76,5,0,4/5/2013,0,20,4,1.5899999999999999,4.572,3.028
"Foreman, Tanya",10163,1,1,0,5,5,3,0,55965,1,20,Production Technician II,MA,2170,11/08/83,F,Married,US Citizen,No,White,4/4/2011,1/9/2013,career change,Voluntarily Terminated,Production       ,Ketsia Liebig,19.0,Google Search,Fully Meets,3.66,3,0,1/7/2012,0,6,4,2.315,0.7019999999999997,2.6980000000000004
"Forrest, Alex",10305,1,1,1,1,6,3,0,70187,1,3,Area Sales Manager,MA,2330,07/07/75,M ,Married,US Citizen,No,White,9/29/2014,8/19/2018,Fatal attraction,Terminated for Cause,Sales,Lynn Daneault,21.0,Employee Referral,PIP,2.0,5,0,1/28/2019,4,7,1,1.15,3.1,1.0
"Foss, Jason",10015,0,0,1,1,3,4,0,178000,0,12,IT Director,MA,1460,07/05/80,M ,Single,US Citizen,No,Black or African American,4/15/2011,,N/A-StillEmployed,Active,IT/IS,Jennifer Zamora,5.0,Indeed,Exceeds,5.0,5,5,1/7/2019,0,15,5,3.0,3.0,5.0
"Foster-Baker, Amy",10080,1,1,0,1,1,3,0,99351,0,26,Sr. Accountant,MA,2050,04/16/79,F,Married,US Citizen,no,White,1/5/2009,,N/A-StillEmployed,Active,Admin Offices,Board of Directors,9.0,Other,Fully Meets,5.0,3,2,2/8/2019,0,3,4,3.1500000000000004,-0.6000000000000001,3.7
"Fraval, Maruk ",10258,0,0,1,1,6,3,0,67251,0,3,Area Sales Manager,CT,6050,08/28/63,M ,Single,US Citizen,No,Black or African American,9/6/2011,,N/A-StillEmployed,Active,Sales,Lynn Daneault,21.0,CareerBuilder,Fully Meets,4.3,3,0,1/27/2019,2,7,4,2.3749999999999996,1.6100000000000005,2.8899999999999997
"Galia, Lisa",10273,0,0,0,1,3,3,0,65707,0,14,IT Support,CT,6040,07/06/68,F,Single,US Citizen,No,White,5/1/2010,,N/A-StillEmployed,Active,IT/IS,Eric Dougall,6.0,LinkedIn,Fully Meets,4.7,4,5,2/1/2019,0,1,4,3.775,-1.1099999999999999,4.51
"Garcia, Raul",10111,0,0,1,1,5,3,0,52249,0,19,Production Technician I,MA,1905,09/15/85,M ,Single,US Citizen,Yes,White,3/30/2015,,N/A-StillEmployed,Active,Production       ,David Stanley,14.0,Employee Referral,Fully Meets,4.5,3,0,2/18/2019,0,5,4,2.625,0.15000000000000013,2.95
"Gaul, Barbara",10257,0,0,0,1,5,3,0,53171,0,19,Production Technician I,MA,2121,12/02/83,F,Single,US Citizen,Yes,Black or African American,5/16/2011,,N/A-StillEmployed,Active,Production       ,Kelley Spirea,18.0,LinkedIn,Fully Meets,4.2,4,0,2/26/2019,0,12,4,2.05,2.34,2.8600000000000003
"Gentry, Mildred",10159,1,1,0,1,5,3,0,51337,0,19,Production Technician I,MA,2145,10/01/90,F,Married,US Citizen,No,Black or African American,3/30/2015,,N/A-StillEmployed,Active,Production       ,Michael Albert,22.0,LinkedIn,Fully Meets,3.73,3,0,1/16/2019,0,19,4,1.0325,4.581,2.7190000000000003
"Gerke, Melisa",10122,0,2,0,5,5,3,1,51505,1,19,Production Technician I,MA,2330,05/15/70,F,Divorced,US Citizen,No,Black or African American,11/7/2011,11/15/2016,hours,Voluntarily Terminated,Production       ,Elijiah Gray,16.0,Diversity Job Fair,Fully Meets,4.24,4,0,4/29/2016,0,2,4,3.0599999999999996,-0.672,2.872
"Gill, Whitney  ",10142,0,4,0,4,6,3,0,59370,1,3,Area Sales Manager,OH,43050,07/10/71,F,Widowed,US Citizen,No,Black or African American,7/7/2014,9/5/2015,attendance,Terminated for Cause,Sales,John Smith,17.0,CareerBuilder,Fully Meets,3.97,4,0,1/15/2014,0,7,4,2.4924999999999997,0.909,2.7910000000000004
"Gilles, Alex",10283,1,1,1,5,5,2,1,54933,1,19,Production Technician I,MA,2062,08/09/74,M ,Married,US Citizen,No,Black or African American,4/2/2012,6/25/2015,military,Voluntarily Terminated,Production       ,Webster Butler,39.0,Diversity Job Fair,Needs Improvement,3.97,4,0,1/20/2015,3,15,2,0.9924999999999997,4.509,1.991
"Girifalco, Evelyn",10018,0,0,0,1,5,4,0,57815,0,19,Production Technician I,MA,2451,05/08/80,F,Single,US Citizen,Yes,Two or more races,9/29/2014,,N/A-StillEmployed,Active,Production       ,Amy Dunn,11.0,Indeed,Exceeds,3.9,4,0,2/7/2019,0,3,5,3.2250000000000005,-0.27,3.17
"Givens, Myriam",10255,0,0,0,1,6,3,0,61555,0,3,Area Sales Manager,IN,46204,09/22/89,F,Single,US Citizen,No,White,2/16/2015,,N/A-StillEmployed,Active,Sales,Lynn Daneault,21.0,Indeed,Fully Meets,4.5,5,0,1/25/2019,0,20,4,1.525,4.65,2.95
"Goble, Taisha",10246,0,0,0,4,3,3,0,114800,1,8,Database Administrator,MA,2127,10/23/71,F,Single,US Citizen,No,White,2/16/2015,3/15/2015,"no-call, no-show",Terminated for Cause,IT/IS,Simon Roup,4.0,Indeed,Fully Meets,4.6,4,4,1/20/2015,0,10,4,2.7499999999999996,1.62,4.18
"Goeth, Amon",10228,1,1,1,1,3,3,0,74679,0,14,IT Support,MA,2135,11/24/89,M ,Married,US Citizen,Yes,White,3/30/2015,,N/A-StillEmployed,Active,IT/IS,Peter Monroe,7.0,LinkedIn,Fully Meets,4.3,5,7,1/10/2019,0,20,4,2.175,4.71,4.99
"Gold, Shenice  ",10243,0,0,0,1,5,3,0,53018,0,19,Production Technician I,MA,2451,06/18/92,F,Single,US Citizen,Yes,White,11/11/2013,,N/A-StillEmployed,Active,Production       ,Ketsia Liebig,19.0,Indeed,Fully Meets,4.3,5,0,2/18/2019,0,7,4,2.7749999999999995,0.8100000000000003,2.8899999999999997
"Gonzalez, Cayo",10031,0,2,1,1,5,4,1,59892,0,19,Production Technician I,MA,2108,09/29/69,M ,Divorced,US Citizen,No,Black or African American,7/11/2011,,N/A-StillEmployed,Active,Production       ,Brannon Miller,12.0,Diversity Job Fair,Exceeds,4.5,4,0,2/18/2019,0,1,5,3.5749999999999997,-1.0499999999999998,3.3499999999999996
"Gonzalez, Juan",10300,1,1,1,5,5,1,1,68898,1,20,Production Technician II,MA,2128,10/12/64,M ,Married,US Citizen,No,Black or African American,4/26/2010,5/30/2011,career change,Voluntarily Terminated,Production       ,Brannon Miller,12.0,Diversity Job Fair,PIP,3.0,3,0,3/6/2011,3,10,1,0.7000000000000002,3.3000000000000003,1.2999999999999998
"Gonzalez, Maria",10101,0,3,0,1,3,3,0,61242,0,14,IT Support,MA,2472,04/16/81,F,Separated,US Citizen,Yes,White,1/5/2015,,N/A-StillEmployed,Active,IT/IS,Peter Monroe,7.0,Employee Referral,Fully Meets,4.61,4,5,1/28/2019,0,11,4,2.7525,1.9169999999999998,4.4830000000000005
"Good, Susan",10237,1,1,0,3,5,3,0,66825,0,20,Production Technician II,MA,1886,05/25/86,F,Married,US Citizen,No,White,5/12/2014,,N/A-StillEmployed,Active,Production       ,David Stanley,14.0,LinkedIn,Fully Meets,4.6,3,0,2/7/2019,0,20,4,1.15,4.62,2.98
"Gordon, David",10051,1,1,1,1,5,3,0,48285,0,19,Production Technician I,MA,2169,05/21/79,M ,Married,US Citizen,No,White,7/2/2012,,N/A-StillEmployed,Active,Production       ,David Stanley,14.0,LinkedIn,Fully Meets,5.0,3,0,1/14/2019,0,2,4,3.05,-0.9,3.1
"Gosciminski, Phylicia  ",10218,0,3,0,3,5,3,0,66149,0,20,Production Technician II,MA,1824,12/08/83,F,Separated,US Citizen,No,American Indian or Alaska Native,9/30/2013,,N/A-StillEmployed,Active,Production       ,Kissy Sullivan,20.0,Google Search,Fully Meets,4.4,5,0,2/21/2019,0,1,4,3.4,-1.02,2.92
"Goyal, Roxana",10256,1,1,0,3,5,3,0,49256,0,19,Production Technician I,MA,1864,10/09/74,F,Married,US Citizen,No,Asian,8/19/2013,,N/A-StillEmployed,Active,Production       ,Kissy Sullivan,20.0,LinkedIn,Fully Meets,4.1,5,0,2/15/2019,0,3,4,3.125,-0.32999999999999985,2.83
"Gray, Elijiah  ",10098,0,2,1,1,5,3,0,62957,0,18,Production Manager,MA,1752,07/11/81,M ,Divorced,US Citizen,No,White,6/2/2015,,N/A-StillEmployed,Active,Production       ,Janet King,2.0,Employee Referral,Fully Meets,4.63,3,0,1/4/2019,0,2,4,2.9575,-0.789,2.989
"Gross, Paula",10059,0,2,0,5,5,3,0,63813,1,19,Production Technician I,MA,2176,05/21/83,F,Divorced,US Citizen,No,White,2/21/2011,1/11/2014,more money,Voluntarily Terminated,Production       ,Kelley Spirea,18.0,CareerBuilder,Fully Meets,5.0,5,0,6/3/2013,0,17,4,1.9499999999999997,3.5999999999999996,3.1
"Gruber, Hans",10234,1,1,1,1,3,3,0,99020,0,4,BI Developer,MA,2134,06/30/89,M ,Married,US Citizen,No,Black or African American,4/20/2017,,N/A-StillEmployed,Active,IT/IS,Brian Champaigne,13.0,Indeed,Fully Meets,4.2,5,5,1/28/2019,0,8,4,3.1500000000000004,1.14,4.36
"Guilianno, Mike",10109,0,0,1,5,6,3,0,71707,1,3,Area Sales Manager,TN,37129,02/09/69,M ,Single,US Citizen,No,Two or more races,3/7/2012,10/31/2014,relocation out of area,Voluntarily Terminated,Sales,John Smith,17.0,LinkedIn,Fully Meets,4.5,5,0,2/1/2013,0,20,4,1.525,4.65,2.95
"Handschiegl, Joanne",10125,1,1,0,1,5,3,0,54828,0,19,Production Technician I,MA,2127,03/23/77,F,Married,US Citizen,No,White,11/28/2011,,N/A-StillEmployed,Active,Production       ,Michael Albert,22.0,Google Search,Fully Meets,4.2,4,0,2/22/2019,0,13,4,1.95,2.6399999999999997,2.8600000000000003
"Hankard, Earnest",10074,0,0,1,1,5,3,0,64246,0,20,Production Technician II,MA,2155,08/10/88,M ,Single,US Citizen,Yes,White,11/11/2013,,N/A-StillEmployed,Active,Production       ,Kelley Spirea,18.0,LinkedIn,Fully Meets,5.0,3,0,1/8/2019,0,20,4,1.25,4.5,3.1
"Harrington, Christie ",10097,0,0,0,5,5,3,0,52177,1,19,Production Technician I,MA,2324,08/18/52,F,Single,US Citizen,No,White,1/9/2012,12/15/2015,retiring,Voluntarily Terminated,Production       ,Webster Butler,39.0,CareerBuilder,Fully Meets,4.64,4,0,5/2/2015,0,8,4,2.5599999999999996,1.008,2.992
"Harrison, Kara",10007,1,1,0,1,5,4,0,62065,0,19,Production Technician I,MA,1886,05/02/74,F,Married,US Citizen,No,White,5/12/2014,,N/A-StillEmployed,Active,Production       ,Amy Dunn,11.0,CareerBuilder,Exceeds,4.76,4,0,2/15/2019,0,5,5,3.24,0.07200000000000006,3.428
"Heitzman, Anthony",10129,0,0,1,1,5,3,0,46998,0,19,Production Technician I,MA,2149,01/04/84,M ,Single,US Citizen,No,White,8/13/2012,,N/A-StillEmployed,Active,Production       ,Ketsia Liebig,19.0,Google Search,Fully Meets,4.17,4,0,2/11/2019,0,1,4,3.1424999999999996,-0.9509999999999998,2.851
"Hendrickson, Trina",10075,0,0,0,5,5,3,0,68099,1,20,Production Technician II,MA,2021,08/27/72,F,Single,US Citizen,No,White,1/10/2011,6/18/2013,hours,Voluntarily Terminated,Production       ,Kelley Spirea,18.0,CareerBuilder,Fully Meets,5.0,3,0,1/30/2013,0,15,4,1.75,3.0,3.1
"Hitchcock, Alfred",10167,1,1,1,1,6,3,0,70545,0,3,Area Sales Manager,NH,3062,09/14/88,M ,Married,US Citizen,No,American Indian or Alaska Native,8/18/2014,,N/A-StillEmployed,Active,Sales,John Smith,17.0,Indeed,Fully Meets,3.6,5,0,1/30/2019,0,9,4,2.4,1.6199999999999997,2.68
"Homberger, Adrienne  J",10195,1,1,0,5,5,3,0,63478,1,20,Production Technician II,MA,2445,02/16/84,F,Married,Non-Citizen,No,White,8/15/2011,4/7/2012,relocation out of area,Voluntarily Terminated,Production       ,Michael Albert,30.0,Indeed,Fully Meets,3.03,5,0,3/5/2012,0,16,4,1.5574999999999997,3.891,2.509
"Horton, Jayne",10112,0,0,0,1,3,3,0,97999,0,8,Database Administrator,MA,2493,02/21/84,F,Single,US Citizen,No,White,3/30/2015,,N/A-StillEmployed,Active,IT/IS,Simon Roup,4.0,Indeed,Fully Meets,4.48,5,6,1/3/2019,0,4,4,3.72,-0.14400000000000013,4.744
"Houlihan, Debra",10272,1,1,0,1,6,3,0,180000,0,11,Director of Sales,RI,2908,03/17/66,F,Married,US Citizen,No,White,5/5/2014,,N/A-StillEmployed,Active,Sales,Janet King,2.0,LinkedIn,Fully Meets,4.5,4,0,1/21/2019,0,19,4,1.425,4.3500000000000005,2.95
"Howard, Estelle",10182,1,1,0,1,1,3,0,49920,1,2,Administrative Assistant,MA,2170,09/16/85,F,Married,US Citizen,No,Black or African American,2/16/2015,4/15/2015,"no-call, no-show",Terminated for Cause,Admin Offices,Brandon R. LeBlanc,1.0,Indeed,Fully Meets,3.24,3,4,4/15/2015,0,6,4,2.61,0.8279999999999998,3.772
"Hudson, Jane",10248,0,0,0,1,5,3,0,55425,0,19,Production Technician I,MA,2176,06/10/86,F,Single,US Citizen,No,White,2/20/2012,,N/A-StillEmployed,Active,Production       ,Ketsia Liebig,19.0,LinkedIn,Fully Meets,4.8,4,0,1/7/2019,0,4,4,2.9999999999999996,-0.24,3.04
"Hunts, Julissa",10201,0,0,0,2,5,3,0,69340,0,20,Production Technician II,MA,2021,03/11/84,F,Single,US Citizen,No,White,6/6/2016,,N/A-StillEmployed,Active,Production       ,Elijiah Gray,16.0,LinkedIn,Fully Meets,3.0,5,0,1/18/2019,0,4,4,2.75,0.30000000000000004,2.5
"Hutter, Rosalie",10214,0,3,0,2,5,3,0,64995,0,20,Production Technician II,MA,2351,05/07/92,F,Separated,US Citizen,No,White,6/5/2015,,N/A-StillEmployed,Active,Production       ,Webster Butler,,Indeed,Fully Meets,4.5,3,0,2/14/2019,0,6,4,2.525,0.44999999999999996,2.95
"Huynh, Ming",10160,0,2,0,5,5,3,0,68182,1,20,Production Technician II,MA,1742,09/22/76,F,Divorced,US Citizen,No,White,2/21/2011,4/1/2013,unhappy,Voluntarily Terminated,Production       ,Amy Dunn,11.0,Google Search,Fully Meets,3.72,3,0,2/1/2013,0,18,4,1.1300000000000001,4.283999999999999,2.716
"Immediato, Walter",10289,1,1,1,5,5,2,0,83082,1,18,Production Manager,MA,2128,11/15/76,M ,Married,US Citizen,No,Asian,2/21/2011,9/24/2012,unhappy,Voluntarily Terminated,Production       ,Janet King,2.0,Indeed,Needs Improvement,2.34,2,0,4/12/2012,3,4,2,1.2850000000000001,1.6980000000000004,1.502
"Ivey, Rose ",10139,0,0,0,1,5,3,0,51908,0,19,Production Technician I,MA,1775,01/28/91,F,Single,US Citizen,No,White,8/19/2013,,N/A-StillEmployed,Active,Production       ,Brannon Miller,12.0,Indeed,Fully Meets,3.99,3,0,1/14/2019,0,14,4,1.5975,3.003,2.797
"Jackson, Maryellen",10227,0,0,0,1,5,3,0,61242,0,19,Production Technician I,MA,2081,09/11/72,F,Single,US Citizen,No,Black or African American,11/5/2012,,N/A-StillEmployed,Active,Production       ,David Stanley,14.0,LinkedIn,Fully Meets,4.1,3,0,1/17/2019,0,7,4,2.3249999999999997,0.8700000000000003,2.83
"Jacobi, Hannah  ",10236,0,2,0,1,5,3,0,45069,0,19,Production Technician I,MA,1778,03/22/66,F,Divorced,US Citizen,No,White,9/30/2013,,N/A-StillEmployed,Active,Production       ,Kissy Sullivan,20.0,Employee Referral,Fully Meets,4.3,5,0,2/22/2019,0,7,4,2.7749999999999995,0.8100000000000003,2.8899999999999997
"Jeannite, Tayana",10009,0,2,0,1,5,4,0,60724,0,20,Production Technician II,MA,1821,11/06/86,F,Divorced,US Citizen,No,American Indian or Alaska Native,7/5/2011,,N/A-StillEmployed,Active,Production       ,Ketsia Liebig,19.0,LinkedIn,Exceeds,4.6,4,0,2/25/2019,0,11,5,2.6,1.92,3.38
"Jhaveri, Sneha  ",10060,0,3,0,1,5,3,0,60436,0,19,Production Technician I,MA,2109,04/13/64,F,Separated,US Citizen,No,White,1/6/2014,,N/A-StillEmployed,Active,Production       ,Kelley Spirea,18.0,LinkedIn,Fully Meets,5.0,5,0,1/21/2019,0,9,4,2.75,1.1999999999999997,3.1
"Johnson, George",10034,1,1,1,5,5,4,0,46837,1,19,Production Technician I,MA,2445,08/19/59,M ,Married,US Citizen,No,White,11/7/2011,4/29/2018,more money,Voluntarily Terminated,Production       ,Michael Albert,22.0,CareerBuilder,Exceeds,4.7,4,0,2/14/2018,0,9,5,2.8249999999999997,1.2899999999999998,3.41
"Johnson, Noelle ",10156,1,1,0,3,3,3,0,105700,0,8,Database Administrator,MA,2301,11/07/86,F,Married,US Citizen,No,Asian,1/5/2015,,N/A-StillEmployed,Active,IT/IS,Simon Roup,4.0,Indeed,Fully Meets,3.75,3,5,2/11/2019,0,2,4,3.2375,-0.525,4.225
"Johnston, Yen",10036,0,0,0,1,5,4,0,63322,0,20,Production Technician II,MA,2128,09/08/69,F,Single,US Citizen,No,White,7/7/2014,,N/A-StillEmployed,Active,Production       ,Brannon Miller,12.0,LinkedIn,Exceeds,4.3,3,0,1/11/2019,0,1,5,3.325,-0.9899999999999998,3.29
"Jung, Judy  ",10138,1,1,0,5,5,3,0,61154,1,19,Production Technician I,MA,2446,04/17/86,F,Married,US Citizen,No,Black or African American,1/10/2011,4/1/2016,unhappy,Voluntarily Terminated,Production       ,Elijiah Gray,16.0,CareerBuilder,Fully Meets,4.0,4,0,2/3/2016,0,4,4,2.8000000000000003,0.0,2.8
"Kampew, Donysha",10244,0,0,0,5,6,3,0,68999,1,21,Sales Manager,PA,19444,11/11/89,F,Single,US Citizen,No,White,11/7/2011,4/24/2014,maternity leave - did not return,Voluntarily Terminated,Sales,Debra Houlihan,15.0,Google Search,Fully Meets,4.5,5,0,3/30/2013,0,2,4,3.3249999999999997,-0.7499999999999999,2.95
"Keatts, Kramer ",10192,0,0,1,1,5,3,0,50482,0,19,Production Technician I,MA,1887,01/19/76,M ,Single,US Citizen,No,White,9/30/2013,,N/A-StillEmployed,Active,Production       ,Michael Albert,22.0,Indeed,Fully Meets,3.07,4,0,1/23/2019,0,10,4,1.9675000000000002,2.079,2.521
"Khemmich, Bartholemew",10231,0,0,1,1,6,3,0,65310,0,3,Area Sales Manager,CO,80820,11/27/79,M ,Single,US Citizen,No,White,8/19/2013,,N/A-StillEmployed,Active,Sales,Lynn Daneault,21.0,Indeed,Fully Meets,4.3,5,0,1/22/2019,0,13,4,2.175,2.6100000000000003,2.8899999999999997
"King, Janet",10089,1,1,0,1,2,3,0,250000,0,16,President & CEO,MA,1902,09/21/54,F,Married,US Citizen,Yes,White,7/2/2012,,N/A-StillEmployed,Active,Executive Office,Board of Directors,9.0,Indeed,Fully Meets,4.83,3,0,1/17/2019,0,10,4,2.2075,1.551,3.0490000000000004
"Kinsella, Kathleen  ",10166,1,1,0,5,5,3,0,54005,1,19,Production Technician I,MA,2170,12/08/73,F,Married,US Citizen,No,White,9/26/2011,6/4/2015,more money,Voluntarily Terminated,Production       ,Webster Butler,39.0,Google Search,Fully Meets,3.6,5,0,3/1/2015,0,16,4,1.6999999999999997,3.7199999999999998,2.68
"Kirill, Alexandra  ",10170,1,1,0,5,5,3,0,45433,1,19,Production Technician I,MA,2127,10/08/70,F,Married,US Citizen,No,White,9/26/2011,1/9/2014,more money,Voluntarily Terminated,Production       ,Amy Dunn,11.0,Google Search,Fully Meets,3.49,4,0,1/30/2013,0,6,4,2.4724999999999997,0.7529999999999999,2.6470000000000002
"Knapp, Bradley  J",10208,0,0,1,1,5,3,0,46654,0,19,Production Technician I,MA,1721,11/10/77,M ,Single,US Citizen,No,Black or African American,2/17/2014,,N/A-StillEmployed,Active,Production       ,Ketsia Liebig,19.0,LinkedIn,Fully Meets,3.1,3,0,2/6/2019,0,3,4,2.4749999999999996,-0.030000000000000027,2.5300000000000002
"Kretschmer, John",10176,1,1,1,1,5,3,0,63973,0,19,Production Technician I,MA,1801,02/02/80,M ,Married,US Citizen,No,Asian,1/10/2011,,N/A-StillEmployed,Active,Production       ,Brannon Miller,12.0,Indeed,Fully Meets,3.38,3,0,1/21/2019,0,17,4,1.145,4.085999999999999,2.614
"Kreuger, Freddy",10165,0,0,1,1,6,3,1,71339,0,3,Area Sales Manager,NY,10171,02/24/69,M ,Single,US Citizen,Yes,Black or African American,3/7/2011,,N/A-StillEmployed,Active,Sales,John Smith,17.0,Diversity Job Fair,Fully Meets,3.65,5,0,1/17/2019,0,20,4,1.3125,4.905,2.6950000000000003
"Lajiri,  Jyoti",10113,1,1,1,3,3,3,0,93206,0,28,Sr. Network Engineer,MA,2169,04/23/86,M ,Married,US Citizen,No,White,11/10/2014,,N/A-StillEmployed,Active,IT/IS,Peter Monroe,7.0,Employee Referral,Fully Meets,4.46,5,6,1/7/2019,0,7,4,3.415,0.7620000000000002,4.7379999999999995
"Landa, Hans",10092,1,1,1,4,5,3,0,82758,1,18,Production Manager,MA,1890,07/01/72,M ,Married,US Citizen,No,White,1/10/2011,12/12/2015,attendance,Terminated for Cause,Production       ,Janet King,2.0,Employee Referral,Fully Meets,4.78,4,0,2/15/2015,0,9,4,2.4949999999999997,1.2659999999999998,3.034
"Langford, Lindsey",10106,0,2,0,5,5,3,0,66074,1,20,Production Technician II,MA,2090,07/25/79,F,Divorced,US Citizen,No,Asian,1/7/2013,3/31/2014,Another position,Voluntarily Terminated,Production       ,David Stanley,14.0,Indeed,Fully Meets,4.52,3,0,2/20/2014,0,20,4,1.13,4.644,2.956
"Langton, Enrico",10052,1,1,1,1,5,3,0,46120,0,19,Production Technician I,MA,2048,12/09/86,M ,Married,US Citizen,No,White,7/9/2012,,N/A-StillEmployed,Active,Production       ,David Stanley,14.0,LinkedIn,Fully Meets,5.0,5,0,2/4/2019,0,13,4,2.3499999999999996,2.4,3.1
"LaRotonda, William  ",10038,0,2,1,1,1,3,0,64520,0,1,Accountant I,MA,1460,04/26/84,M ,Divorced,US Citizen,No,Black or African American,1/6/2014,,N/A-StillEmployed,Active,Admin Offices,Brandon R. LeBlanc,1.0,Website,Fully Meets,5.0,4,4,1/17/2019,0,3,4,3.55,-0.6000000000000001,4.3
"Latif, Mohammed",10249,1,1,1,5,5,3,0,61962,1,20,Production Technician II,MA,2126,05/09/84,M ,Married,US Citizen,No,White,4/2/2012,4/15/2013,more money,Voluntarily Terminated,Production       ,Kissy Sullivan,20.0,Google Search,Fully Meets,4.9,3,0,2/20/2013,0,20,4,1.225,4.53,3.0700000000000003
"Le, Binh",10232,0,0,0,1,3,3,0,81584,0,22,Senior BI Developer,MA,1886,06/14/87,F,Single,US Citizen,No,Asian,10/2/2016,,N/A-StillEmployed,Active,IT/IS,Brian Champaigne,13.0,Indeed,Fully Meets,4.1,5,7,1/8/2019,0,2,4,3.925,-0.6299999999999998,4.93
"Leach, Dallas",10087,0,0,0,5,5,3,0,63676,1,19,Production Technician I,MA,1810,01/17/79,F,Single,US Citizen,No,Asian,9/26/2011,8/19/2018,return to school,Voluntarily Terminated,Production       ,Kissy Sullivan,20.0,CareerBuilder,Fully Meets,4.88,3,0,7/2/2017,0,17,4,1.52,3.6359999999999997,3.064
"LeBlanc, Brandon  R",10134,1,1,1,1,1,3,0,93046,0,23,Shared Services Manager,MA,1460,06/10/84,M ,Married,US Citizen,No,White,1/5/2016,,N/A-StillEmployed,Active,Admin Offices,Janet King,2.0,CareerBuilder,Fully Meets,4.1,4,0,1/28/2019,0,20,4,1.2249999999999996,4.7700000000000005,2.83
"Lecter, Hannibal",10251,1,1,1,1,5,3,0,64738,0,19,Production Technician I,MA,1776,09/02/82,M ,Married,US Citizen,No,Asian,5/14/2012,,N/A-StillEmployed,Active,Production       ,Elijiah Gray,16.0,Google Search,Fully Meets,4.1,3,0,2/22/2019,0,10,4,2.025,1.7700000000000002,2.83
"Leruth, Giovanni",10103,0,3,1,1,6,3,0,70468,0,3,Area Sales Manager,UT,84111,12/27/88,M ,Separated,US Citizen,No,Black or African American,4/30/2012,,N/A-StillEmployed,Active,Sales,John Smith,17.0,Website,Fully Meets,4.53,3,0,1/29/2019,0,16,4,1.5324999999999998,3.441,2.959
"Liebig, Ketsia",10017,1,1,0,1,5,4,0,77915,0,18,Production Manager,MA,2110,10/26/81,F,Married,US Citizen,No,White,9/30/2013,,N/A-StillEmployed,Active,Production       ,Janet King,2.0,Website,Exceeds,4.1,3,0,1/21/2019,0,11,5,2.275,2.0700000000000003,3.2299999999999995
"Linares, Marilyn ",10186,1,1,0,5,5,3,0,52624,1,19,Production Technician I,MA,1886,03/26/81,F,Married,US Citizen,No,White,7/5/2011,9/26/2018,unhappy,Voluntarily Terminated,Production       ,Michael Albert,22.0,Indeed,Fully Meets,3.18,4,0,3/2/2018,0,16,4,1.395,3.846,2.5540000000000003
"Linden, Mathew",10137,1,1,1,3,5,3,0,63450,0,20,Production Technician II,MA,1770,03/19/79,M ,Married,US Citizen,No,White,7/8/2013,,N/A-StillEmployed,Active,Production       ,Kelley Spirea,18.0,LinkedIn,Fully Meets,4.0,3,0,2/18/2019,0,7,4,2.3,0.9000000000000001,2.8
"Lindsay, Leonara ",10008,0,0,0,1,3,4,1,51777,0,14,IT Support,CT,6070,10/05/88,F,Single,US Citizen,Yes,Black or African American,1/21/2011,,N/A-StillEmployed,Active,IT/IS,Eric Dougall,6.0,Diversity Job Fair,Exceeds,4.64,4,5,1/25/2019,0,14,5,2.8099999999999996,2.8080000000000003,4.8919999999999995
"Lundy, Susan",10096,0,4,0,5,5,3,0,67237,1,20,Production Technician II,MA,2122,12/26/76,F,Widowed,US Citizen,No,White,7/8/2013,9/15/2016,more money,Voluntarily Terminated,Production       ,Michael Albert,22.0,LinkedIn,Fully Meets,4.65,4,0,6/10/2016,0,15,4,1.8624999999999998,3.105,2.995
"Lunquist, Lisa",10035,0,0,0,1,5,4,0,73330,0,20,Production Technician II,MA,2324,03/28/82,F,Single,US Citizen,No,Black or African American,8/19/2013,,N/A-StillEmployed,Active,Production       ,Elijiah Gray,16.0,Indeed,Exceeds,4.2,4,0,2/12/2019,0,19,5,1.6999999999999995,4.44,3.26
"Lydon, Allison",10057,1,1,0,3,5,3,0,52057,0,19,Production Technician I,MA,2122,10/22/75,F,Married,US Citizen,No,Black or African American,2/16/2015,,N/A-StillEmployed,Active,Production       ,Elijiah Gray,16.0,Website,Fully Meets,5.0,3,0,1/23/2019,0,6,4,2.65,0.2999999999999998,3.1
"Lynch, Lindsay",10004,0,0,0,5,5,4,1,47434,1,19,Production Technician I,MA,1844,02/14/73,F,Single,US Citizen,Yes,Black or African American,11/7/2011,11/14/2015,Another position,Voluntarily Terminated,Production       ,Webster Butler,39.0,Diversity Job Fair,Exceeds,5.0,4,0,2/2/2015,0,17,5,2.0999999999999996,3.5999999999999996,3.5
"MacLennan, Samuel",10191,0,4,1,5,5,3,0,52788,1,19,Production Technician I,MA,1938,11/09/72,M ,Widowed,US Citizen,No,White,9/24/2012,9/26/2017,hours,Voluntarily Terminated,Production       ,Amy Dunn,11.0,Indeed,Fully Meets,3.08,4,0,4/1/2017,0,18,4,1.1699999999999997,4.475999999999999,2.524
"Mahoney, Lauren  ",10219,0,0,0,1,5,3,0,45395,0,19,Production Technician I,MA,2189,07/07/86,F,Single,US Citizen,No,White,1/6/2014,,N/A-StillEmployed,Active,Production       ,Ketsia Liebig,19.0,LinkedIn,Fully Meets,4.6,4,0,2/26/2019,0,14,4,1.9499999999999995,2.8200000000000003,2.98
"Manchester, Robyn",10077,1,1,0,2,5,3,0,62385,0,20,Production Technician II,MA,2324,08/25/76,F,Married,US Citizen,No,White,5/11/2016,,N/A-StillEmployed,Active,Production       ,Webster Butler,,LinkedIn,Fully Meets,5.0,3,0,1/21/2019,0,4,4,2.85,-0.30000000000000004,3.1
"Mancuso, Karen",10073,1,1,0,5,5,3,0,68407,1,20,Production Technician II,MA,2176,12/10/86,F,Married,US Citizen,No,Two or more races,7/5/2011,8/19/2012,Another position,Voluntarily Terminated,Production       ,Amy Dunn,11.0,LinkedIn,Fully Meets,5.0,4,0,7/2/2012,0,16,4,1.85,3.3,3.1
"Mangal, Debbie",10279,1,1,0,1,5,3,0,61349,0,19,Production Technician I,MA,2451,11/07/74,F,Married,US Citizen,No,White,11/11/2013,,N/A-StillEmployed,Active,Production       ,Brannon Miller,12.0,LinkedIn,Fully Meets,4.1,3,0,1/22/2019,0,11,4,1.9249999999999998,2.0700000000000003,2.83
"Martin, Sandra",10110,0,0,0,1,4,3,0,105688,0,24,Software Engineer,MA,2135,11/07/87,F,Single,US Citizen,No,Asian,11/11/2013,,N/A-StillEmployed,Active,Software Engineering,Alex Sweetwater,10.0,Google Search,Fully Meets,4.5,5,4,1/14/2019,0,14,4,2.5249999999999995,2.8500000000000005,4.1499999999999995
"Maurice, Shana",10053,1,1,0,1,5,3,0,54132,0,19,Production Technician I,MA,2330,11/22/77,F,Married,US Citizen,No,White,5/31/2011,,N/A-StillEmployed,Active,Production       ,David Stanley,14.0,Indeed,Fully Meets,5.0,4,0,1/10/2019,0,8,4,2.6500000000000004,0.8999999999999999,3.1
"Carthy, B'rigit",10076,0,0,0,1,5,3,0,55315,0,20,Production Technician II,MA,2149,05/21/87,F,Single,US Citizen,No,Black or African American,3/30/2015,,N/A-StillEmployed,Active,Production       ,Ketsia Liebig,19.0,LinkedIn,Fully Meets,5.0,5,0,2/7/2019,0,16,4,2.05,3.3,3.1
"Mckenna, Sandy",10145,1,1,0,1,5,3,0,62810,0,19,Production Technician I,MA,2184,01/07/87,F,Married,US Citizen,No,Black or African American,1/7/2013,,N/A-StillEmployed,Active,Production       ,Kissy Sullivan,20.0,CareerBuilder,Fully Meets,3.93,3,0,1/30/2019,0,20,4,0.9824999999999999,4.821,2.779
"McKinzie, Jac",10202,1,1,1,2,6,3,0,63291,0,3,Area Sales Manager,TX,78789,07/01/84,M ,Married,US Citizen,No,Two or more races,7/6/2016,,N/A-StillEmployed,Active,Sales,Lynn Daneault,21.0,Website,Fully Meets,3.4,4,0,1/29/2019,0,7,4,2.3499999999999996,1.08,2.62
"Meads, Elizabeth",10128,0,0,0,5,5,3,1,62659,1,19,Production Technician I,MA,1760,05/30/68,F,Single,US Citizen,No,Black or African American,4/2/2012,11/11/2016,Another position,Voluntarily Terminated,Production       ,Kelley Spirea,18.0,Diversity Job Fair,Fully Meets,4.18,4,0,2/5/2016,0,17,4,1.545,3.846,2.854
"Medeiros, Jennifer",10068,0,0,0,1,5,3,0,55688,0,19,Production Technician I,MA,2346,09/22/76,F,Single,US Citizen,No,White,3/30/2015,,N/A-StillEmployed,Active,Production       ,Michael Albert,22.0,CareerBuilder,Fully Meets,5.0,4,0,1/21/2019,0,10,4,2.45,1.5,3.1
"Miller, Brannon",10116,0,0,1,1,5,3,0,83667,0,18,Production Manager,MA,2045,08/10/81,M ,Single,US Citizen,yes,Hispanic,8/16/2012,,N/A-StillEmployed,Active,Production       ,Janet King,2.0,Indeed,Fully Meets,4.37,3,0,1/14/2019,0,2,4,2.8924999999999996,-0.711,2.911
"Miller, Ned",10298,0,0,1,5,5,1,0,55800,1,20,Production Technician II,MA,2472,06/29/85,M ,Single,US Citizen,No,White,8/15/2011,9/4/2014,unhappy,Voluntarily Terminated,Production       ,Brannon Miller,12.0,LinkedIn,PIP,3.0,2,0,1/14/2013,6,6,1,0.8999999999999999,3.3000000000000003,1.2999999999999998
"Monkfish, Erasumus",10213,1,1,1,1,5,3,0,58207,0,20,Production Technician II,MA,1450,08/17/92,M ,Married,US Citizen,No,White,11/7/2011,,N/A-StillEmployed,Active,Production       ,David Stanley,14.0,LinkedIn,Fully Meets,3.7,3,0,1/8/2019,0,14,4,1.5250000000000001,3.09,2.71
"Monroe, Peter",10288,1,1,1,1,3,2,1,157000,0,13,IT Manager - Infra,MA,2134,10/05/86,M ,Married,Eligible NonCitizen,Yes,Black or African American,2/15/2012,,N/A-StillEmployed,Active,IT/IS,Jennifer Zamora,5.0,Diversity Job Fair,Needs Improvement,2.39,3,6,2/22/2019,4,13,2,1.1975,4.783,3.3169999999999997
"Monterro, Luisa",10025,0,0,0,1,5,4,0,72460,0,20,Production Technician II,MA,2126,04/24/70,F,Single,US Citizen,No,Black or African American,5/13/2013,,N/A-StillEmployed,Active,Production       ,Kissy Sullivan,20.0,Indeed,Exceeds,4.7,3,0,1/14/2019,0,1,5,3.425,-1.1099999999999999,3.41
"Moran, Patrick",10223,0,0,1,3,5,3,1,72106,0,20,Production Technician II,MA,2127,12/03/76,M ,Single,US Citizen,No,Black or African American,1/9/2012,,N/A-StillEmployed,Active,Production       ,Kelley Spirea,18.0,Diversity Job Fair,Fully Meets,4.1,4,0,1/31/2019,0,12,4,2.0249999999999995,2.37,2.83
"Morway, Tanya",10151,1,1,0,1,3,3,0,52599,0,15,Network Engineer,MA,2048,04/04/79,F,Married,US Citizen,No,White,2/16/2015,,N/A-StillEmployed,Active,IT/IS,Peter Monroe,7.0,CareerBuilder,Fully Meets,3.81,3,6,2/11/2019,0,6,4,2.9525,0.6569999999999998,4.543
"Motlagh,  Dawn",10254,0,2,0,1,5,3,0,63430,0,19,Production Technician I,MA,2453,07/07/84,F,Divorced,US Citizen,No,White,4/1/2013,,N/A-StillEmployed,Active,Production       ,Elijiah Gray,16.0,LinkedIn,Fully Meets,4.4,4,0,1/17/2019,0,18,4,1.4999999999999998,4.079999999999999,2.92
"Moumanil, Maliki ",10120,0,3,1,1,5,3,0,74417,0,20,Production Technician II,MA,1460,12/01/74,M ,Separated,US Citizen,No,Black or African American,5/13/2013,,N/A-StillEmployed,Active,Production       ,Michael Albert,22.0,LinkedIn,Fully Meets,4.29,5,0,1/28/2019,0,11,4,2.3725,2.013,2.887
"Myers, Michael",10216,0,0,1,1,5,3,0,57575,0,19,Production Technician I,MA,1550,04/18/80,M ,Single,US Citizen,No,Asian,7/8/2013,,N/A-StillEmployed,Active,Production       ,Kissy Sullivan,20.0,LinkedIn,Fully Meets,4.1,4,0,1/22/2019,0,13,4,1.9249999999999996,2.67,2.83
"Navathe, Kurt",10079,0,0,1,1,3,3,0,87921,0,22,Senior BI Developer,MA,2056,04/25/70,M ,Single,US Citizen,No,Asian,2/10/2017,,N/A-StillEmployed,Active,IT/IS,Brian Champaigne,13.0,Indeed,Fully Meets,5.0,3,6,2/25/2019,0,17,4,2.15,3.5999999999999996,4.9
"Ndzi, Colombui",10215,0,0,1,5,5,3,1,50470,1,19,Production Technician I,MA,2110,05/02/89,M ,Single,US Citizen,No,Black or African American,9/26/2011,4/4/2014,return to school,Voluntarily Terminated,Production       ,Webster Butler,39.0,Diversity Job Fair,Fully Meets,4.3,3,0,3/2/2013,0,19,4,1.1749999999999996,4.41,2.8899999999999997
"Ndzi, Horia",10185,1,1,1,5,5,3,0,46664,1,19,Production Technician I,MA,2421,03/28/83,M ,Married,US Citizen,No,White,4/1/2013,5/25/2016,more money,Voluntarily Terminated,Production       ,Amy Dunn,11.0,Employee Referral,Fully Meets,3.18,3,0,3/6/2016,0,10,4,1.795,2.0460000000000003,2.5540000000000003
"Newman, Richard ",10063,1,1,1,3,5,3,0,48495,0,19,Production Technician I,MA,2136,04/08/77,M ,Married,US Citizen,No,White,5/12/2014,,N/A-StillEmployed,Active,Production       ,Ketsia Liebig,19.0,LinkedIn,Fully Meets,5.0,5,0,2/18/2019,0,11,4,2.55,1.7999999999999998,3.1
"Ngodup, Shari ",10037,0,3,0,1,5,4,1,52984,0,19,Production Technician I,MA,1810,06/03/67,F,Separated,US Citizen,No,Black or African American,4/1/2013,,N/A-StillEmployed,Active,Production       ,Brannon Miller,12.0,Diversity Job Fair,Exceeds,4.0,3,0,2/13/2019,0,12,5,2.15,2.3999999999999995,3.2
"Nguyen, Dheepa",10042,0,0,0,1,6,3,0,63695,0,3,Area Sales Manager,GA,30428,03/31/89,F,Single,US Citizen,No,Two or more races,7/8/2013,,N/A-StillEmployed,Active,Sales,Lynn Daneault,21.0,Indeed,Fully Meets,5.0,5,0,1/25/2019,0,2,4,3.4499999999999997,-0.9,3.1
"Nguyen, Lei-Ming",10206,0,0,0,1,5,3,0,62061,0,19,Production Technician I,MA,2132,07/07/84,F,Single,US Citizen,No,White,7/8/2013,,N/A-StillEmployed,Active,Production       ,David Stanley,14.0,LinkedIn,Fully Meets,3.6,5,0,1/2/2019,0,4,4,2.9,0.11999999999999988,2.68
"Nowlan, Kristie",10104,0,0,0,1,5,3,0,66738,0,20,Production Technician II,MA,1040,11/23/85,F,Single,US Citizen,No,White,11/10/2014,,N/A-StillEmployed,Active,Production       ,Elijiah Gray,16.0,Indeed,Fully Meets,4.53,5,0,1/16/2019,0,5,4,3.0324999999999998,0.14100000000000001,2.959
"O'hare, Lynn",10303,0,0,0,4,5,1,0,52674,1,19,Production Technician I,MA,2152,09/30/80,F,Single,US Citizen,No,Two or more races,3/31/2014,5/1/2018,performance,Terminated for Cause,Production       ,Kissy Sullivan,20.0,LinkedIn,PIP,2.33,2,0,3/9/2018,6,3,1,1.0325,2.6010000000000004,1.099
"Oliver, Brooke ",10078,1,1,0,5,5,3,0,71966,1,20,Production Technician II,MA,2492,02/11/52,F,Married,US Citizen,No,Asian,5/14/2012,8/19/2013,unhappy,Voluntarily Terminated,Production       ,Webster Butler,39.0,LinkedIn,Fully Meets,5.0,3,0,7/2/2013,0,17,4,1.5499999999999998,3.5999999999999996,3.1
"Onque, Jasmine",10121,0,0,0,1,6,3,0,63051,0,3,Area Sales Manager,FL,33174,05/11/90,F,Single,US Citizen,Yes,White,9/30/2013,,N/A-StillEmployed,Active,Sales,Lynn Daneault,21.0,Indeed,Fully Meets,4.28,3,0,1/25/2019,0,1,4,2.9699999999999998,-0.984,2.8840000000000003
"Osturnka, Adeel",10021,1,1,1,1,5,4,0,47414,0,19,Production Technician I,MA,2478,12/11/76,M ,Married,US Citizen,No,White,9/30/2013,,N/A-StillEmployed,Active,Production       ,Kelley Spirea,18.0,LinkedIn,Exceeds,5.0,3,0,2/7/2019,0,13,5,2.3,2.4,3.5
"Owad, Clinton",10281,0,0,1,1,5,2,0,53060,0,19,Production Technician I,MA,1760,11/24/79,M ,Single,US Citizen,No,Black or African American,2/17/2014,,N/A-StillEmployed,Active,Production       ,Michael Albert,22.0,LinkedIn,Needs Improvement,4.25,3,0,2/4/2019,4,6,2,1.7624999999999997,2.125,2.075
"Ozark, Travis",10041,0,0,1,1,6,3,0,68829,0,3,Area Sales Manager,NC,27229,05/19/82,M ,Single,US Citizen,No,White,1/5/2015,,N/A-StillEmployed,Active,Sales,John Smith,17.0,Website,Fully Meets,5.0,5,0,1/14/2019,0,18,4,1.8499999999999999,3.8999999999999995,3.1
"Panjwani, Nina",10148,1,1,0,5,5,3,0,63515,1,19,Production Technician I,MA,2351,05/01/79,F,Married,US Citizen,No,White,2/7/2011,1/12/2014,Another position,Voluntarily Terminated,Production       ,Elijiah Gray,16.0,Google Search,Fully Meets,3.89,4,0,3/4/2013,0,7,4,2.4725,0.933,2.7670000000000003
"Patronick, Lucas",10005,0,0,1,5,4,4,1,108987,1,24,Software Engineer,MA,1844,02/20/79,M ,Single,US Citizen,No,Black or African American,11/7/2011,9/7/2015,Another position,Voluntarily Terminated,Software Engineering,Alex Sweetwater,10.0,Diversity Job Fair,Exceeds,5.0,5,3,8/16/2015,0,13,5,3.0,2.4,4.4
"Pearson, Randall",10259,1,1,1,5,3,3,0,93093,1,9,Data Analyst,MA,2747,09/05/84,M ,Married,US Citizen,No,White,12/1/2014,5/1/2016,performance,Voluntarily Terminated,IT/IS,Simon Roup,4.0,Employee Referral,Fully Meets,4.7,4,5,1/16/2016,0,19,4,1.9749999999999999,4.29,4.51
"Smith, Martin",10286,0,0,1,5,5,2,0,53564,1,19,Production Technician I,MA,2458,03/17/88,M ,Single,US Citizen,No,Black or African American,1/10/2011,12/28/2017,career change,Voluntarily Terminated,Production       ,Webster Butler,39.0,Google Search,Needs Improvement,3.54,5,0,4/6/2017,4,15,2,1.085,5.037999999999999,1.862
"Pelletier, Ermine",10297,1,1,0,5,5,2,0,60270,1,20,Production Technician II,MA,2472,07/18/89,F,Married,US Citizen,No,Asian,7/5/2011,9/15/2015,unhappy,Voluntarily Terminated,Production       ,Amy Dunn,11.0,CareerBuilder,Needs Improvement,2.4,5,0,2/6/2015,5,2,2,2.0999999999999996,1.8800000000000001,1.52
"Perry, Shakira",10171,0,0,0,5,5,3,0,45998,1,19,Production Technician I,MA,2176,07/20/86,F,Single,US Citizen,No,White,5/16/2011,10/25/2015,medical issues,Voluntarily Terminated,Production       ,Amy Dunn,11.0,LinkedIn,Fully Meets,3.45,4,0,5/13/2014,0,5,4,2.5625,0.4650000000000001,2.635
"Peters, Lauren",10032,1,1,0,5,5,4,0,57954,1,20,Production Technician II,MA,1886,08/17/86,F,Married,US Citizen,No,White,5/16/2011,2/4/2013,more money,Voluntarily Terminated,Production       ,Ketsia Liebig,19.0,Indeed,Exceeds,4.2,5,0,1/10/2013,0,12,5,2.5999999999999996,2.34,3.26
"Peterson, Ebonee  ",10130,1,1,0,5,5,3,0,74669,1,18,Production Manager,MA,2030,05/09/77,F,Married,US Citizen,No,White,10/25/2010,5/18/2016,Another position,Voluntarily Terminated,Production       ,Janet King,2.0,Indeed,Fully Meets,4.16,5,0,3/5/2015,0,6,4,2.84,0.5519999999999998,2.848
"Petingill, Shana  ",10217,1,1,0,1,5,3,0,74226,0,20,Production Technician II,MA,2050,03/10/79,F,Married,Eligible NonCitizen,No,Asian,4/2/2012,,N/A-StillEmployed,Active,Production       ,Brannon Miller,12.0,LinkedIn,Fully Meets,4.3,3,0,1/14/2019,0,14,4,1.6749999999999996,2.91,2.8899999999999997
"Petrowsky, Thelma",10016,1,1,0,1,3,4,0,93554,0,9,Data Analyst,MA,1886,09/16/84,F,Married,US Citizen,No,Black or African American,11/10/2014,,N/A-StillEmployed,Active,IT/IS,Simon Roup,4.0,Employee Referral,Exceeds,4.6,5,7,1/4/2019,0,16,5,2.9999999999999996,3.42,5.4799999999999995
"Pham, Hong",10050,1,1,1,5,5,3,0,64724,1,19,Production Technician I,MA,2451,03/06/88,M ,Married,US Citizen,No,Asian,7/5/2011,11/30/2012,more money,Voluntarily Terminated,Production       ,Brannon Miller,12.0,Google Search,Fully Meets,5.0,3,0,2/20/2012,0,13,4,1.95,2.4,3.1
"Pitt, Brad ",10164,0,0,1,1,5,3,0,47001,0,19,Production Technician I,MA,2451,11/23/81,M ,Single,US Citizen,No,White,11/5/2007,,N/A-StillEmployed,Active,Production       ,David Stanley,14.0,Google Search,Fully Meets,3.66,3,0,2/25/2019,0,15,4,1.415,3.402,2.6980000000000004
"Potts, Xana",10124,1,1,0,1,6,3,0,61844,0,3,Area Sales Manager,KY,40220,08/29/88,F,Married,US Citizen,No,Black or African American,1/9/2012,,N/A-StillEmployed,Active,Sales,Lynn Daneault,21.0,Website,Fully Meets,4.2,5,0,2/1/2019,0,9,4,2.5500000000000003,1.4399999999999997,2.8600000000000003
"Power, Morissa",10187,0,2,0,5,5,3,0,46799,1,19,Production Technician I,MA,1742,10/15/84,F,Divorced,Eligible NonCitizen,No,Asian,5/16/2011,6/4/2018,Another position,Voluntarily Terminated,Production       ,Kissy Sullivan,20.0,Google Search,Fully Meets,3.17,4,0,4/2/2018,0,14,4,1.5924999999999996,3.249,2.551
"Punjabhi, Louis  ",10225,0,0,1,1,5,3,0,59472,0,19,Production Technician I,MA,2109,06/19/61,M ,Single,US Citizen,No,White,1/6/2014,,N/A-StillEmployed,Active,Production       ,Kelley Spirea,18.0,Employee Referral,Fully Meets,4.8,3,0,1/7/2019,0,14,4,1.7999999999999996,2.7600000000000002,3.04
"Purinton, Janine",10262,0,2,0,5,5,3,0,46430,1,19,Production Technician I,MA,2474,09/22/70,F,Divorced,US Citizen,No,White,9/24/2012,6/18/2013,unhappy,Voluntarily Terminated,Production       ,Kissy Sullivan,20.0,Indeed,Fully Meets,4.5,5,0,4/2/2013,0,16,4,1.9249999999999998,3.45,2.95
"Quinn, Sean",10131,1,1,1,5,1,3,1,83363,1,23,Software Engineer,MA,2045,11/06/84,M ,Married,Eligible NonCitizen,No,Black or African American,2/21/2011,8/15/2015,career change,Voluntarily Terminated,Software Engineering,Janet King,2.0,Diversity Job Fair,Fully Meets,4.15,4,0,4/19/2014,0,4,4,2.8375,-0.04500000000000015,2.845
"Rachael, Maggie",10239,1,1,0,1,3,3,0,95920,0,4,BI Developer,MA,2110,05/12/80,F,Married,US Citizen,No,Black or African American,10/2/2016,,N/A-StillEmployed,Active,IT/IS,Brian Champaigne,13.0,Indeed,Fully Meets,4.4,4,6,2/6/2019,0,10,4,2.9,1.68,4.72
"Rarrick, Quinn",10152,0,2,1,5,5,3,0,61729,1,19,Production Technician I,MA,2478,12/31/84,M ,Divorced,US Citizen,No,White,9/26/2011,4/7/2018,more money,Voluntarily Terminated,Production       ,Michael Albert,22.0,Indeed,Fully Meets,3.8,5,0,2/4/2018,0,19,4,1.4499999999999995,4.5600000000000005,2.74
"Ren, Kylo",10140,1,1,1,1,6,3,0,61809,0,3,Area Sales Manager,ID,83706,10/12/54,M ,Married,US Citizen,No,White,5/12/2014,,N/A-StillEmployed,Active,Sales,John Smith,17.0,CareerBuilder,Fully Meets,3.98,3,0,1/28/2019,0,4,4,2.595,0.006000000000000005,2.794
"Rhoads, Thomas",10058,0,2,1,5,5,3,0,45115,1,19,Production Technician I,MA,2176,07/22/82,M ,Divorced,US Citizen,Yes,White,5/16/2011,1/15/2016,retiring,Voluntarily Terminated,Production       ,Elijiah Gray,16.0,LinkedIn,Fully Meets,5.0,4,0,3/30/2015,0,11,4,2.35,1.7999999999999998,3.1
"Rivera, Haley  ",10011,1,1,0,1,5,4,0,46738,0,19,Production Technician I,MA,2171,01/12/73,F,Married,US Citizen,No,Asian,11/28/2011,,N/A-StillEmployed,Active,Production       ,Webster Butler,,Google Search,Exceeds,4.36,5,0,2/11/2019,0,16,5,2.2399999999999998,3.492,3.308
"Roberson, May",10230,0,2,0,5,5,3,0,64971,1,20,Production Technician II,MA,1902,09/05/81,F,Divorced,Eligible NonCitizen,No,Black or African American,9/26/2011,10/22/2011,return to school,Voluntarily Terminated,Production       ,David Stanley,14.0,Google Search,Fully Meets,4.5,4,0,10/22/2011,0,10,4,2.325,1.6500000000000001,2.95
"Robertson, Peter",10224,1,1,1,5,5,3,0,55578,1,20,Production Technician II,MA,2138,07/03/72,M ,Married,US Citizen,No,White,7/5/2011,2/8/2012,Another position,Voluntarily Terminated,Production       ,Kissy Sullivan,20.0,Indeed,Fully Meets,4.2,5,0,1/6/2012,0,13,4,2.1500000000000004,2.6399999999999997,2.8600000000000003
"Robinson, Alain  ",10047,1,1,1,5,5,3,0,50428,1,19,Production Technician I,MA,1420,01/07/74,M ,Married,US Citizen,No,Black or African American,1/10/2011,1/26/2016,attendance,Voluntarily Terminated,Production       ,Amy Dunn,11.0,Indeed,Fully Meets,5.0,3,0,1/10/2015,0,11,4,2.15,1.7999999999999998,3.1
"Robinson, Cherly",10285,1,1,0,4,5,2,0,61422,1,19,Production Technician I,MA,1460,01/07/85,F,Married,US Citizen,No,White,1/10/2011,5/17/2016,attendance,Terminated for Cause,Production       ,Ketsia Liebig,19.0,Indeed,Needs Improvement,3.6,3,0,4/5/2016,4,16,2,0.6000000000000001,5.32,1.8800000000000001
"Robinson, Elias",10020,0,4,1,1,5,4,0,63353,0,19,Production Technician I,MA,1730,01/28/85,M ,Widowed,US Citizen,No,White,7/8/2013,,N/A-StillEmployed,Active,Production       ,Brannon Miller,12.0,Employee Referral,Exceeds,3.6,5,0,2/11/2019,0,4,5,3.25,0.11999999999999988,3.08
"Roby, Lori ",10162,1,1,0,1,3,3,0,89883,0,9,Data Analyst,MA,1886,10/11/81,F,Married,US Citizen,No,White,2/16/2015,,N/A-StillEmployed,Active,IT/IS,Simon Roup,4.0,Employee Referral,Fully Meets,3.69,5,6,2/14/2019,0,15,4,2.4225,3.393,4.507
"Roehrich, Bianca",10149,0,0,0,5,3,3,0,120000,1,29,Principal Data Architect,MA,2703,05/27/73,F,Single,US Citizen,Yes,White,1/5/2015,11/10/2018,Another position,Voluntarily Terminated,IT/IS,Simon Roup,4.0,LinkedIn,Fully Meets,3.88,3,7,2/13/2018,0,12,4,2.47,2.436,4.864
"Roper, Katie",10086,0,0,0,1,3,3,0,150290,0,7,Data Architect,MA,2056,11/21/72,F,Single,US Citizen,No,Black or African American,1/7/2017,,N/A-StillEmployed,Active,IT/IS,Brian Champaigne,13.0,Indeed,Fully Meets,4.94,3,5,2/6/2019,0,17,4,2.0349999999999997,3.6179999999999994,4.582
"Rose, Ashley  ",10054,0,3,0,1,5,3,0,60627,0,19,Production Technician I,MA,1886,12/05/74,F,Separated,US Citizen,No,White,1/6/2014,,N/A-StillEmployed,Active,Production       ,David Stanley,14.0,Website,Fully Meets,5.0,4,0,1/31/2019,0,8,4,2.6500000000000004,0.8999999999999999,3.1
"Rossetti, Bruno",10065,0,0,1,5,5,3,0,53180,1,19,Production Technician I,MA,2155,03/18/87,M ,Single,US Citizen,No,White,4/4/2011,8/13/2018,Another position,Voluntarily Terminated,Production       ,Kissy Sullivan,20.0,Google Search,Fully Meets,5.0,5,0,7/2/2018,0,4,4,3.25,-0.30000000000000004,3.1
"Roup,Simon",10198,0,0,1,1,3,3,0,140920,0,13,IT Manager - DB,MA,2481,04/05/73,M ,Single,US Citizen,No,White,1/20/2013,,N/A-StillEmployed,Active,IT/IS,Jennifer Zamora,5.0,Indeed,Fully Meets,3.6,5,7,2/18/2019,0,13,4,2.7,2.82,4.78
"Ruiz, Ricardo",10222,0,2,1,5,3,3,1,148999,1,13,IT Manager - DB,MA,1915,01/04/64,M ,Divorced,US Citizen,No,Black or African American,1/9/2012,11/4/2015,hours,Voluntarily Terminated,IT/IS,Jennifer Zamora,5.0,Diversity Job Fair,Fully Meets,4.3,4,6,1/4/2015,0,8,4,3.0749999999999993,1.11,4.6899999999999995
"Saada, Adell",10126,1,1,0,1,4,3,0,86214,0,24,Software Engineer,MA,2132,07/24/86,F,Married,US Citizen,No,White,11/5/2012,,N/A-StillEmployed,Active,Software Engineering,Alex Sweetwater,10.0,Indeed,Fully Meets,4.2,3,6,2/13/2019,0,2,4,3.45,-0.66,4.66
"Saar-Beckles, Melinda",10295,0,0,0,2,5,2,1,47750,0,19,Production Technician I,MA,1801,06/06/68,F,Single,US Citizen,No,Black or African American,7/4/2016,,N/A-StillEmployed,Active,Production       ,Kelley Spirea,18.0,Diversity Job Fair,Needs Improvement,2.6,4,0,2/18/2019,5,4,2,1.7500000000000004,2.42,1.58
"Sadki, Nore  ",10260,0,0,1,5,5,3,0,46428,1,19,Production Technician I,MA,2148,12/21/74,M ,Single,US Citizen,No,White,1/5/2009,7/30/2018,relocation out of area,Voluntarily Terminated,Production       ,Michael Albert,22.0,Google Search,Fully Meets,4.6,5,0,2/5/2018,0,7,4,2.8499999999999996,0.7200000000000002,2.98
"Sahoo, Adil",10233,1,1,1,1,5,3,0,57975,0,20,Production Technician II,MA,2062,04/26/86,M ,Married,US Citizen,No,White,8/30/2010,,N/A-StillEmployed,Active,Production       ,Kelley Spirea,18.0,CareerBuilder,Fully Meets,4.1,3,0,1/10/2019,0,13,4,1.7249999999999999,2.67,2.83
"Salter, Jason",10229,0,2,1,5,3,3,0,88527,1,9,Data Analyst ,MA,2452,12/17/87,M ,Divorced,US Citizen,No,Black or African American,1/5/2015,10/31/2015,hours,Voluntarily Terminated,IT/IS,Simon Roup,4.0,LinkedIn,Fully Meets,4.2,3,5,4/20/2015,0,2,4,3.35,-0.66,4.36
"Sander, Kamrin",10169,1,1,0,1,5,3,0,56147,0,19,Production Technician I,MA,2154,07/10/88,F,Married,US Citizen,No,Black or African American,9/29/2014,,N/A-StillEmployed,Active,Production       ,Elijiah Gray,16.0,LinkedIn,Fully Meets,3.51,3,0,2/18/2019,0,2,4,2.6774999999999998,-0.45299999999999996,2.653
"Sewkumar, Nori",10071,0,0,0,3,5,3,0,50923,0,19,Production Technician I,MA,2191,03/10/75,F,Single,US Citizen,No,Asian,9/30/2013,,N/A-StillEmployed,Active,Production       ,Webster Butler,,Google Search,Fully Meets,5.0,5,0,2/6/2019,0,14,4,2.25,2.7,3.1
"Shepard, Anita ",10179,1,1,0,1,3,3,0,50750,0,15,Network Engineer,MA,1773,04/14/81,F,Married,US Citizen,No,White,9/30/2014,,N/A-StillEmployed,Active,IT/IS,Peter Monroe,7.0,LinkedIn,Fully Meets,3.31,3,6,1/7/2019,0,7,4,2.7275,1.1070000000000002,4.393
"Shields, Seffi",10091,1,1,0,1,5,3,0,52087,0,19,Production Technician I,MA,2149,08/24/85,F,Married,US Citizen,No,White,8/19/2013,,N/A-StillEmployed,Active,Production       ,Amy Dunn,11.0,LinkedIn,Fully Meets,4.81,4,0,2/15/2019,0,15,4,1.9024999999999999,3.0570000000000004,3.043
"Simard, Kramer",10178,1,1,1,1,3,3,0,87826,0,9,Data Analyst,MA,2110,02/08/70,M ,Married,US Citizen,Yes,White,1/5/2015,,N/A-StillEmployed,Active,IT/IS,Simon Roup,4.0,Employee Referral,Fully Meets,3.32,3,7,1/14/2019,0,16,4,1.9300000000000002,3.804,4.696
"Singh, Nan ",10039,0,0,0,1,1,3,0,51920,0,2,Administrative Assistant,MA,2330,05/19/88,F,Single,US Citizen,No,White,5/1/2015,,N/A-StillEmployed,Active,Admin Offices,Brandon R. LeBlanc,1.0,Website,Fully Meets,5.0,3,5,1/15/2019,0,2,4,3.55,-0.9,4.6
"Sloan, Constance",10095,0,0,0,5,5,3,0,63878,1,20,Production Technician II,MA,1851,11/25/87,F,Single,US Citizen,No,White,10/26/2009,4/8/2015,maternity leave - did not return,Voluntarily Terminated,Production       ,Michael Albert,22.0,CareerBuilder,Fully Meets,4.68,4,0,4/2/2015,0,20,4,1.37,4.596,3.004
"Smith, Joe",10027,0,0,1,1,5,4,0,60656,0,20,Production Technician II,MA,2045,10/30/63,M ,Single,US Citizen,No,White,9/29/2014,,N/A-StillEmployed,Active,Production       ,Elijiah Gray,16.0,Indeed,Exceeds,4.3,3,0,1/28/2019,0,4,5,3.0250000000000004,-0.08999999999999986,3.29
"Smith, John",10291,0,2,1,1,6,2,1,72992,0,21,Sales Manager,MA,1886,08/16/84,M ,Divorced,US Citizen,No,Black or African American,5/18/2014,,N/A-StillEmployed,Active,Sales,Debra Houlihan,15.0,Diversity Job Fair,Needs Improvement,2.4,4,0,1/16/2019,2,16,2,0.49999999999999956,4.88,1.52
"Smith, Leigh Ann",10153,1,1,0,5,1,3,1,55000,1,2,Administrative Assistant,MA,1844,06/14/87,F,Married,US Citizen,No,Black or African American,9/26/2011,9/25/2013,career change,Voluntarily Terminated,Admin Offices,Brandon R. LeBlanc,1.0,Diversity Job Fair,Fully Meets,3.8,4,4,8/15/2013,0,17,4,1.8499999999999992,3.96,3.9399999999999995
"Smith, Sade",10157,0,0,0,1,5,3,0,58939,0,19,Production Technician I,MA,2130,02/02/65,F,Single,US Citizen,No,White,11/11/2013,,N/A-StillEmployed,Active,Production       ,Ketsia Liebig,19.0,Employee Referral,Fully Meets,3.73,3,0,1/24/2019,0,16,4,1.3325,3.681,2.7190000000000003
"Soto, Julia ",10119,1,1,0,1,3,3,0,66593,0,14,IT Support,MA,2360,03/12/73,F,Married,US Citizen,No,Black or African American,6/10/2011,,N/A-StillEmployed,Active,IT/IS,Eric Dougall,6.0,LinkedIn,Fully Meets,4.3,3,5,2/8/2019,0,19,4,1.6749999999999996,4.41,4.39
"Soze, Keyser",10180,1,1,1,2,3,3,0,87565,0,28,Sr. Network Engineer,MA,1545,02/09/83,M ,Married,US Citizen,No,Asian,6/30/2016,,N/A-StillEmployed,Active,IT/IS,Peter Monroe,7.0,LinkedIn,Fully Meets,3.27,4,5,1/14/2019,0,13,4,2.2175000000000002,2.919,4.081
"Sparks, Taylor  ",10302,1,1,0,1,5,1,0,64021,0,19,Production Technician I,MA,2093,07/20/68,F,Married,US Citizen,No,White,2/20/2012,,N/A-StillEmployed,Active,Production       ,Brannon Miller,12.0,Indeed,PIP,2.4,2,1,2/25/2019,6,20,1,-0.5499999999999998,7.680000000000001,1.42
"Spirea, Kelley",10090,1,1,0,1,5,3,0,65714,0,18,Production Manager,MA,2451,09/30/75,F,Married,US Citizen,No,White,10/2/2012,,N/A-StillEmployed,Active,Production       ,Janet King,2.0,LinkedIn,Fully Meets,4.83,5,0,2/14/2019,0,15,4,2.1075,3.051,3.0490000000000004
"Squatrito, Kristen",10030,0,2,0,5,5,4,0,62425,1,19,Production Technician I,MA,2359,03/26/73,F,Divorced,US Citizen,No,White,5/13/2013,6/29/2015,unhappy,Voluntarily Terminated,Production       ,David Stanley,14.0,LinkedIn,Exceeds,4.1,4,0,3/2/2015,0,16,5,1.975,3.5700000000000003,3.2299999999999995
"Stanford,Barbara  M",10278,0,2,0,1,5,3,0,47961,0,19,Production Technician I,MA,2050,08/25/82,F,Divorced,US Citizen,No,Two or more races,1/10/2011,,N/A-StillEmployed,Active,Production       ,Kissy Sullivan,20.0,Google Search,Fully Meets,4.1,4,0,2/7/2019,0,9,4,2.3249999999999997,1.47,2.83
"Stansfield, Norman",10307,1,1,1,1,6,1,0,58273,0,3,Area Sales Manager,NV,89139,05/09/74,M ,Married,US Citizen,No,White,5/12/2014,,N/A-StillEmployed,Active,Sales,Lynn Daneault,21.0,Website,PIP,1.81,2,0,1/17/2019,3,5,1,0.7025000000000001,2.157,0.9430000000000001
"Steans, Tyrone  ",10147,0,0,1,1,1,3,0,63003,0,1,Accountant I,MA,2703,09/01/86,M ,Single,US Citizen,No,White,9/29/2014,,N/A-StillEmployed,Active,Admin Offices,Brandon R. LeBlanc,1.0,Indeed,Fully Meets,3.9,5,5,1/18/2019,0,9,4,2.975,1.5299999999999998,4.27
"Stoica, Rick",10266,1,1,1,1,5,3,0,61355,0,19,Production Technician I,MA,2301,03/14/85,M ,Married,US Citizen,No,Asian,2/17/2014,,N/A-StillEmployed,Active,Production       ,Kelley Spirea,18.0,LinkedIn,Fully Meets,4.7,3,0,1/11/2019,0,4,4,2.7750000000000004,-0.20999999999999996,3.01
"Strong, Caitrin",10241,1,1,0,1,6,3,0,60120,0,3,Area Sales Manager,MT,59102,05/12/89,F,Married,US Citizen,No,Black or African American,9/27/2010,,N/A-StillEmployed,Active,Sales,John Smith,17.0,Indeed,Fully Meets,4.1,4,0,1/31/2019,0,18,4,1.4249999999999996,4.17,2.83
"Sullivan, Kissy ",10158,1,1,0,1,5,3,0,63682,0,18,Production Manager,MA,1776,03/28/78,F,Married,US Citizen,No,Black or African American,1/8/2009,,N/A-StillEmployed,Active,Production       ,Janet King,2.0,Indeed,Fully Meets,3.73,4,0,1/24/2019,0,12,4,1.9325,2.481,2.7190000000000003
"Sullivan, Timothy",10117,1,1,1,1,5,3,0,63025,0,19,Production Technician I,MA,2747,10/07/82,M ,Married,US Citizen,Yes,White,1/5/2015,,N/A-StillEmployed,Active,Production       ,Michael Albert,22.0,Google Search,Fully Meets,4.36,5,0,1/24/2019,0,10,4,2.49,1.692,2.9080000000000004
"Sutwell, Barbara",10209,0,0,0,1,5,3,0,59238,0,19,Production Technician I,MA,2718,08/15/68,F,Single,Eligible NonCitizen,No,Asian,5/14/2012,,N/A-StillEmployed,Active,Production       ,Elijiah Gray,16.0,Indeed,Fully Meets,3.4,5,0,1/31/2019,0,13,4,1.95,2.88,2.62
"Szabo, Andrew",10024,0,0,1,1,4,4,0,92989,0,24,Software Engineer,MA,2140,05/06/83,M ,Single,US Citizen,No,White,7/7/2014,,N/A-StillEmployed,Active,Software Engineering,Alex Sweetwater,10.0,LinkedIn,Exceeds,4.5,5,5,2/18/2019,0,1,5,4.275,-1.0499999999999998,4.85
"Tannen, Biff",10173,1,1,1,1,3,3,0,90100,0,4,BI Developer,MA,2134,10/24/87,M ,Married,US Citizen,No,White,4/20/2017,,N/A-StillEmployed,Active,IT/IS,Brian Champaigne,13.0,Indeed,Fully Meets,3.4,3,6,1/2/2019,0,14,4,2.05,3.18,4.42
"Tavares, Desiree  ",10221,1,1,0,5,5,3,1,60754,1,19,Production Technician I,MA,1801,04/03/75,F,Married,Non-Citizen,No,Black or African American,4/27/2009,4/1/2013,Another position,Voluntarily Terminated,Production       ,Webster Butler,39.0,Diversity Job Fair,Fully Meets,4.5,5,0,2/15/2012,0,11,4,2.425,1.95,2.95
"Tejeda, Lenora ",10146,1,1,0,5,5,3,0,72202,1,20,Production Technician II,MA,2129,05/24/53,F,Married,US Citizen,No,White,5/16/2011,7/8/2017,Another position,Voluntarily Terminated,Production       ,Elijiah Gray,16.0,Google Search,Fully Meets,3.93,3,0,4/18/2017,0,3,4,2.6825,-0.27900000000000014,2.779
"Terry, Sharlene ",10161,0,0,0,1,6,3,0,58370,0,3,Area Sales Manager,OR,97756,05/07/65,F,Single,US Citizen,No,Black or African American,9/29/2014,,N/A-StillEmployed,Active,Sales,Lynn Daneault,21.0,Indeed,Fully Meets,3.69,3,0,1/28/2019,0,18,4,1.1224999999999998,4.292999999999999,2.707
"Theamstern, Sophia",10141,0,0,0,5,5,3,0,48413,1,19,Production Technician I,MA,2066,05/09/65,F,Single,US Citizen,No,White,7/5/2011,9/5/2016,return to school,Voluntarily Terminated,Production       ,Amy Dunn,11.0,Indeed,Fully Meets,3.98,4,0,3/2/2016,0,1,4,3.095,-0.8939999999999999,2.794
"Thibaud, Kenneth",10268,0,4,1,5,5,3,0,67176,1,20,Production Technician II,MA,2472,09/16/75,M ,Widowed,US Citizen,No,White,6/25/2007,8/30/2010,military,Voluntarily Terminated,Production       ,Webster Butler,39.0,Other,Fully Meets,4.1,4,0,7/14/2010,0,15,4,1.7249999999999996,3.2700000000000005,2.83
"Tippett, Jeanette",10123,0,2,0,1,5,3,0,56339,0,19,Production Technician I,MA,2093,06/05/67,F,Divorced,US Citizen,No,Black or African American,2/18/2013,,N/A-StillEmployed,Active,Production       ,Brannon Miller,12.0,Indeed,Fully Meets,4.21,5,0,1/14/2019,0,4,4,3.0524999999999998,-0.06299999999999994,2.863
"Torrence, Jack",10013,0,3,1,1,6,4,0,64397,0,3,Area Sales Manager,ND,58782,01/15/68,M ,Separated,US Citizen,No,White,1/9/2006,,N/A-StillEmployed,Active,Sales,Lynn Daneault,21.0,Indeed,Exceeds,4.1,3,0,1/4/2019,0,6,5,2.775,0.5700000000000001,3.2299999999999995
"Trang, Mei",10287,0,0,0,1,5,2,0,63025,0,19,Production Technician I,MA,2021,05/16/83,F,Single,US Citizen,No,White,2/17/2014,,N/A-StillEmployed,Active,Production       ,David Stanley,14.0,LinkedIn,Needs Improvement,2.44,5,0,2/11/2019,4,18,2,0.51,6.268,1.532
"Tredinnick, Neville ",10044,1,1,1,5,3,3,0,75281,1,15,Network Engineer,MA,1420,05/05/88,M ,Married,US Citizen,No,White,1/5/2015,2/12/2016,medical issues,Voluntarily Terminated,IT/IS,Peter Monroe,7.0,CareerBuilder,Fully Meets,5.0,3,5,4/15/2015,0,11,4,2.65,1.7999999999999998,4.6
"True, Edward",10102,0,0,1,5,4,3,1,100416,1,24,Software Engineer,MA,2451,06/14/83,M ,Single,Non-Citizen,No,Black or African American,2/18/2013,4/15/2018,medical issues,Voluntarily Terminated,Software Engineering,Alex Sweetwater,10.0,Diversity Job Fair,Fully Meets,4.6,3,4,2/12/2017,0,9,4,2.65,1.3199999999999998,4.18
"Trzeciak, Cybil",10270,0,0,0,5,5,3,0,74813,1,20,Production Technician II,MA,1778,03/15/85,F,Single,US Citizen,No,White,1/10/2011,7/2/2014,unhappy,Voluntarily Terminated,Production       ,Amy Dunn,11.0,LinkedIn,Fully Meets,4.4,3,0,1/5/2014,0,5,4,2.6,0.17999999999999994,2.92
"Turpin, Jumil",10045,1,1,1,1,3,3,0,76029,0,15,Network Engineer,MA,2343,03/31/69,M ,Married,Eligible NonCitizen,No,White,3/30/2015,,N/A-StillEmployed,Active,IT/IS,Peter Monroe,7.0,Employee Referral,Fully Meets,5.0,4,7,1/14/2019,0,8,4,3.3500000000000005,0.8999999999999999,5.2
"Valentin,Jackie",10205,1,1,0,1,6,3,0,57859,0,3,Area Sales Manager,AZ,85006,05/23/91,F,Married,US Citizen,No,Two or more races,7/5/2011,,N/A-StillEmployed,Active,Sales,John Smith,17.0,Indeed,Fully Meets,2.81,3,0,1/17/2019,0,16,4,1.1025,3.957,2.443
"Veera, Abdellah ",10014,0,2,1,5,5,4,0,58523,1,19,Production Technician I,MA,2171,01/31/87,M ,Divorced,US Citizen,No,White,8/13/2012,2/5/2016,maternity leave - did not return,Voluntarily Terminated,Production       ,Kissy Sullivan,20.0,LinkedIn,Exceeds,4.5,5,0,2/1/2016,0,15,5,2.375,3.1500000000000004,3.3499999999999996
"Vega, Vincent",10144,0,2,1,1,5,3,0,88976,0,17,Production Manager,MA,2169,10/10/68,M ,Divorced,US Citizen,No,White,8/1/2011,,N/A-StillEmployed,Active,Production       ,Janet King,2.0,Employee Referral,Fully Meets,3.93,3,0,2/27/2019,0,19,4,1.0824999999999998,4.521,2.779
"Villanueva, Noah",10253,0,0,1,1,6,3,0,55875,0,3,Area Sales Manager,ME,4063,07/11/89,M ,Single,US Citizen,No,Asian,3/5/2012,,N/A-StillEmployed,Active,Sales,John Smith,17.0,Website,Fully Meets,4.5,4,0,1/18/2019,0,11,4,2.225,1.95,2.95
"Voldemort, Lord",10118,1,1,1,4,3,3,0,113999,1,8,Database Administrator,MA,1960,08/07/86,M ,Married,US Citizen,No,Black or African American,2/16/2015,2/22/2017,"no-call, no-show",Terminated for Cause,IT/IS,Simon Roup,4.0,Employee Referral,Fully Meets,4.33,3,7,2/15/2017,0,9,4,2.8825000000000003,1.4009999999999998,4.9990000000000006
"Volk, Colleen",10022,1,1,0,4,5,4,0,49773,1,19,Production Technician I,MA,2747,06/03/86,F,Married,US Citizen,No,White,9/26/2011,2/8/2016,gross misconduct,Terminated for Cause,Production       ,Kelley Spirea,18.0,Google Search,Exceeds,4.3,5,0,2/1/2015,0,18,5,2.0250000000000004,4.109999999999999,3.29
"Von Massenbach, Anna",10183,0,0,0,2,5,3,0,62068,0,19,Production Technician I,MA,2124,04/06/85,F,Single,US Citizen,No,White,7/5/2015,,N/A-StillEmployed,Active,Production       ,Michael Albert,22.0,LinkedIn,Fully Meets,3.21,3,0,1/29/2019,0,7,4,2.1024999999999996,1.137,2.563
"Walker, Roger",10190,0,0,1,1,5,3,0,66541,0,20,Production Technician II,MA,2459,02/10/76,M ,Single,US Citizen,No,Black or African American,8/18/2014,,N/A-StillEmployed,Active,Production       ,Ketsia Liebig,19.0,Employee Referral,Fully Meets,3.11,5,0,2/12/2019,0,4,4,2.7775,0.267,2.533
"Wallace, Courtney  E",10274,1,1,0,5,5,3,1,80512,1,18,Production Manager,MA,2478,11/14/55,F,Married,US Citizen,No,Black or African American,9/26/2011,1/2/2012,Another position,Voluntarily Terminated,Production       ,Janet King,2.0,Diversity Job Fair,Fully Meets,4.5,3,0,1/2/2012,0,5,4,2.625,0.15000000000000013,2.95
"Wallace, Theresa",10293,0,0,0,5,5,2,0,50274,1,19,Production Technician I,MA,1887,08/02/80,F,Single,US Citizen,No,White,8/13/2012,9/1/2015,career change,Voluntarily Terminated,Production       ,Elijiah Gray,16.0,CareerBuilder,Needs Improvement,2.5,3,0,9/5/2014,6,13,2,0.625,5.550000000000001,1.55
"Wang, Charlie",10172,0,0,1,1,3,3,0,84903,0,22,Senior BI Developer,MA,1887,07/08/81,M ,Single,US Citizen,No,Asian,2/15/2017,,N/A-StillEmployed,Active,IT/IS,Brian Champaigne,13.0,Indeed,Fully Meets,3.42,4,7,1/4/2019,0,17,4,2.0549999999999997,4.074,4.726
"Warfield, Sarah",10127,0,4,0,1,3,3,0,107226,0,28,Sr. Network Engineer,MA,2453,05/02/78,F,Widowed,US Citizen,No,Asian,3/30/2015,,N/A-StillEmployed,Active,IT/IS,Peter Monroe,7.0,Employee Referral,Fully Meets,4.2,4,8,2/5/2019,0,7,4,3.3499999999999996,0.8400000000000001,5.26
"Whittier, Scott",10072,0,0,1,5,5,3,0,58371,1,19,Production Technician I,MA,2030,05/24/87,M ,Single,US Citizen,Yes,White,1/10/2011,5/15/2014,hours,Voluntarily Terminated,Production       ,Webster Butler,39.0,LinkedIn,Fully Meets,5.0,5,0,5/15/2014,0,11,4,2.55,1.7999999999999998,3.1
"Wilber, Barry",10048,1,1,1,5,5,3,0,55140,1,19,Production Technician I,MA,2324,09/09/65,M ,Married,Eligible NonCitizen,No,White,5/16/2011,9/7/2015,unhappy,Voluntarily Terminated,Production       ,Amy Dunn,11.0,Website,Fully Meets,5.0,3,0,2/15/2015,0,7,4,2.55,0.6000000000000001,3.1
"Wilkes, Annie",10204,0,2,0,5,5,3,0,58062,1,19,Production Technician I,MA,1876,07/30/83,F,Divorced,US Citizen,No,White,1/10/2011,5/14/2012,Another position,Voluntarily Terminated,Production       ,Ketsia Liebig,19.0,Google Search,Fully Meets,3.6,5,0,2/6/2011,0,9,4,2.4,1.6199999999999997,2.68
"Williams, Jacquelyn  ",10264,0,0,0,5,5,3,1,59728,1,19,Production Technician I,MA,2109,10/02/69,F,Single,US Citizen,Yes,Black or African American,1/9/2012,6/27/2015,relocation out of area,Voluntarily Terminated,Production       ,Ketsia Liebig,19.0,Diversity Job Fair,Fully Meets,4.3,4,0,6/2/2014,0,16,4,1.6749999999999994,3.51,2.8899999999999997
"Winthrop, Jordan  ",10033,0,0,1,5,5,4,0,70507,1,20,Production Technician II,MA,2045,11/07/58,M ,Single,US Citizen,No,White,1/7/2013,2/21/2016,retiring,Voluntarily Terminated,Production       ,Brannon Miller,12.0,LinkedIn,Exceeds,5.0,3,0,1/19/2016,0,7,5,2.9,0.6000000000000001,3.5
"Wolk, Hang  T",10174,0,0,0,1,5,3,0,60446,0,20,Production Technician II,MA,2302,04/20/85,F,Single,US Citizen,No,White,9/29/2014,,N/A-StillEmployed,Active,Production       ,David Stanley,14.0,LinkedIn,Fully Meets,3.4,4,0,2/21/2019,0,14,4,1.6499999999999997,3.18,2.62
"Woodson, Jason",10135,0,0,1,1,5,3,0,65893,0,20,Production Technician II,MA,1810,05/11/85,M ,Single,US Citizen,No,White,7/7/2014,,N/A-StillEmployed,Active,Production       ,Kissy Sullivan,20.0,LinkedIn,Fully Meets,4.07,4,0,2/28/2019,0,13,4,1.9175000000000002,2.679,2.821
"Ybarra, Catherine ",10301,0,0,0,5,5,1,0,48513,1,19,Production Technician I,MA,2458,05/04/82,F,Single,US Citizen,No,Asian,9/2/2008,9/29/2015,Another position,Voluntarily Terminated,Production       ,Brannon Miller,12.0,Google Search,PIP,3.2,2,0,9/2/2015,5,4,1,1.15,2.24,1.3599999999999999
"Zamora, Jennifer",10010,0,0,0,1,3,4,0,220450,0,6,CIO,MA,2067,08/30/79,F,Single,US Citizen,No,White,4/10/2010,,N/A-StillEmployed,Active,IT/IS,Janet King,2.0,Employee Referral,Exceeds,4.6,5,6,2/21/2019,0,16,5,2.9,3.42,5.18
"Zhou, Julia",10043,0,0,0,1,3,3,0,89292,0,9,Data Analyst,MA,2148,02/24/79,F,Single,US Citizen,No,White,3/30/2015,,N/A-StillEmployed,Active,IT/IS,Simon Roup,4.0,Employee Referral,Fully Meets,5.0,3,5,2/1/2019,0,11,4,2.65,1.7999999999999998,4.6
"Zima, Colleen",10271,0,4,0,1,5,3,0,45046,0,19,Production Technician I,MA,1730,08/17/78,F,Widowed,US Citizen,No,Asian,9/29/2014,,N/A-StillEmployed,Active,Production       ,David Stanley,14.0,LinkedIn,Fully Meets,4.5,5,0,1/30/2019,0,2,4,3.3249999999999997,-0.7499999999999999,2.95
